Pop,ID,All,Name,Lat,Long,State,Elevation,Ssp,Variety,PC1,PC2,PC3,PC4,PC5,Color,PC1_mean,PC2_mean
AH,10,EN_AH_10,Austin Hwy,39.600807,-117.159999,NV,1754,consilimis,oreophila,-95.08555258,-28.449827,-74.66610765,47.49138105,-9.950235437,green,-95.74975309,-28.45319198
AH,11,EN_AH_11,Austin Hwy,39.600807,-117.159999,NV,1754,consilimis,oreophila,-95.32794933,-28.29670852,-74.88217522,46.6283494,-11.2209075,green,-95.74975309,-28.45319198
AH,12,EN_AH_12,Austin Hwy,39.600807,-117.159999,NV,1754,consilimis,oreophila,-96.25403583,-30.21680747,-83.043124,50.31990272,-10.01541626,green,-95.74975309,-28.45319198
AH,13,EN_AH_13,Austin Hwy,39.600807,-117.159999,NV,1754,consilimis,oreophila,-93.45548996,-27.71789549,-71.45189384,49.3166397,-9.635603135,green,-95.74975309,-28.45319198
AH,14,EN_AH_14,Austin Hwy,39.600807,-117.159999,NV,1754,consilimis,oreophila,-95.78013366,-26.98291938,-69.39475262,44.94677643,-10.11253364,green,-95.74975309,-28.45319198
AH,15,EN_AH_15,Austin Hwy,39.600807,-117.159999,NV,1754,consilimis,oreophila,-94.18113598,-27.87605068,-71.5906392,48.44208979,-9.407978863,green,-95.74975309,-28.45319198
AH,1,EN_AH_1,Austin Hwy,39.600807,-117.159999,NV,1754,consilimis,oreophila,-94.84982088,-26.20375121,-71.7735432,47.58830506,-7.109127281,green,-95.74975309,-28.45319198
AH,2,EN_AH_2,Austin Hwy,39.600807,-117.159999,NV,1754,consilimis,oreophila,-95.67301212,-28.29723111,-73.85757249,47.68342293,-7.306150769,green,-95.74975309,-28.45319198
AH,3,EN_AH_3,Austin Hwy,39.600807,-117.159999,NV,1754,consilimis,oreophila,-97.19673332,-27.14451969,-66.49692971,48.46908269,-8.545327165,green,-95.74975309,-28.45319198
AH,4,EN_AH_4,Austin Hwy,39.600807,-117.159999,NV,1754,consilimis,oreophila,-95.7449101,-27.80905759,-70.66640729,48.1494557,-8.426147569,green,-95.74975309,-28.45319198
AH,5,EN_AH_5,Austin Hwy,39.600807,-117.159999,NV,1754,consilimis,oreophila,-95.3366635,-28.47360241,-72.21038071,48.6841826,-9.30168339,green,-95.74975309,-28.45319198
AH,6,EN_AH_6,Austin Hwy,39.600807,-117.159999,NV,1754,consilimis,oreophila,-98.70952108,-31.03129156,-82.11182575,54.9656625,-8.22172163,green,-95.74975309,-28.45319198
AH,7,EN_AH_7,Austin Hwy,39.600807,-117.159999,NV,1754,consilimis,oreophila,-93.82263806,-27.2599726,-73.35926316,49.85860115,-6.743123905,green,-95.74975309,-28.45319198
AH,8,EN_AH_8,Austin Hwy,39.600807,-117.159999,NV,1754,consilimis,oreophila,-96.93913601,-30.67513403,-79.31523726,53.50729272,-8.740923956,green,-95.74975309,-28.45319198
AH,9,EN_AH_9,Austin Hwy,39.600807,-117.159999,NV,1754,consilimis,oreophila,-97.88956394,-30.36311093,-80.45646378,52.61269017,-6.924949349,green,-95.74975309,-28.45319198
AR,2,EN_AR_2,Arenaria1,37.17384,-112.61817,UT,1870,NA,? bigelovii/arenaria,-76.96412911,0.956515734,101.7307961,49.91925686,-4.846630855,green,-76.78023193,-0.048453064
AR,3,EN_AR_3,Arenaria1,37.17384,-112.61817,UT,1870,NA,? bigelovii/arenaria,-74.69509959,0.564572586,105.8743752,52.23459847,-3.748243003,green,-76.78023193,-0.048453064
AR,4,EN_AR_4,Arenaria1,37.17384,-112.61817,UT,1870,NA,? bigelovii/arenaria,-81.58141387,-2.596193306,64.33946339,35.24501467,-3.590578899,green,-76.78023193,-0.048453064
AR,5,EN_AR_5,Arenaria1,37.17384,-112.61817,UT,1870,NA,? bigelovii/arenaria,-74.65194761,0.717989655,108.9470501,53.72564308,-5.023018887,green,-76.78023193,-0.048453064
AR,6,EN_AR_6,Arenaria1,37.17384,-112.61817,UT,1870,NA,? bigelovii/arenaria,-76.00856948,0.114850013,108.0428864,53.24610024,-5.207258481,green,-76.78023193,-0.048453064
AS,16,EN_AS_16,Austin Summit,39.473104,-117.049449,NV,2408,NA,hololueca,59.9039063,47.42094694,-6.839981528,-0.317875365,-43.3068204,grey,58.29141468,47.96678658
AS,17,EN_AS_17,Austin Summit,39.473104,-117.049449,NV,2408,NA,hololueca,56.64605637,51.37529124,-6.438580728,2.205733729,-46.92371128,grey,58.29141468,47.96678658
AS,18,EN_AS_18,Austin Summit,39.473104,-117.049449,NV,2408,NA,hololueca,56.87145672,48.22995012,-7.624200382,1.856411042,-40.16965112,grey,58.29141468,47.96678658
AS,19,EN_AS_19,Austin Summit,39.473104,-117.049449,NV,2408,NA,hololueca,56.09228838,49.27916945,-8.20597825,2.055923788,-45.05693016,grey,58.29141468,47.96678658
AS,20,EN_AS_20,Austin Summit,39.473104,-117.049449,NV,2408,NA,hololueca,57.9230875,59.09275051,-9.408572459,1.272797654,-53.31858243,grey,58.29141468,47.96678658
AS,21,EN_AS_21,Austin Summit,39.473104,-117.049449,NV,2408,NA,hololueca,60.05332966,48.69605352,-9.665195559,0.294608167,-46.59374525,grey,58.29141468,47.96678658
AS,22,EN_AS_22,Austin Summit,39.473104,-117.049449,NV,2408,NA,hololueca,57.32083475,49.00642509,-7.49512661,1.734844461,-43.3003734,grey,58.29141468,47.96678658
AS,23,EN_AS_23,Austin Summit,39.473104,-117.049449,NV,2408,NA,hololueca,60.43986947,36.73471741,-5.539395699,-1.544323776,-42.28334673,grey,58.29141468,47.96678658
AS,24,EN_AS_24,Austin Summit,39.473104,-117.049449,NV,2408,NA,hololueca,58.87079107,43.37947246,-6.799392734,0.108592702,-38.86163319,grey,58.29141468,47.96678658
AS,25,EN_AS_25,Austin Summit,39.473104,-117.049449,NV,2408,NA,hololueca,57.71413506,47.25201234,-7.125491831,0.976471042,-37.55663461,grey,58.29141468,47.96678658
AS,26,EN_AS_26,Austin Summit,39.473104,-117.049449,NV,2408,NA,hololueca,59.42644177,49.47503597,-7.890440341,-0.877560629,-48.36919362,grey,58.29141468,47.96678658
AS,27,EN_AS_27,Austin Summit,39.473104,-117.049449,NV,2408,NA,hololueca,57.72873118,57.03808332,-8.651737569,2.213530882,-52.14916395,grey,58.29141468,47.96678658
AS,28,EN_AS_28,Austin Summit,39.473104,-117.049449,NV,2408,NA,hololueca,56.70511387,53.05473486,-8.774619249,1.676069945,-46.3323201,grey,58.29141468,47.96678658
AS,29,EN_AS_29,Austin Summit,39.473104,-117.049449,NV,2408,NA,hololueca,60.88647891,35.95811159,-5.008252574,-1.795122048,-41.86454425,grey,58.29141468,47.96678658
AS,30,EN_AS_30,Austin Summit,39.473104,-117.049449,NV,2408,NA,hololueca,57.78869921,43.50904394,-5.446117052,-0.592451778,-41.97685778,grey,58.29141468,47.96678658
BC,10,EN_BC_10,beaver canyon,38.27982,-112.56807,UT,1887,NA,salicifolia/oreophila,-119.8681097,-11.71140725,-42.47129049,-27.1577906,-1.670486578,green,-58.52678515,38.07464594
BC,11,EN_BC_11,beaver canyon,38.27982,-112.56807,UT,1887,NA,salicifolia/oreophila,-118.9753934,-12.61511211,-40.42749772,-28.67627515,-2.749046221,green,-58.52678515,38.07464594
BC,12,EN_BC_12,beaver canyon,38.27982,-112.56807,UT,1887,NA,salicifolia/oreophila,-120.7451324,-12.50038097,-43.64808186,-28.75728497,-3.929810066,green,-58.52678515,38.07464594
BC,13,EN_BC_13,beaver canyon,38.27982,-112.56807,UT,1887,NA,salicifolia/oreophila,-118.9346251,-13.01003127,-41.64360622,-25.24400669,-3.886129167,green,-58.52678515,38.07464594
BC,1,EN_BC_1,beaver canyon,38.27982,-112.56807,UT,1887,NA,salicifolia/oreophila,12.40623995,85.64569569,-7.952449098,0.370994557,73.32887809,hybrid,-58.52678515,38.07464594
BC,2,EN_BC_2,beaver canyon,38.27982,-112.56807,UT,1887,NA,salicifolia/oreophila,8.465875498,101.9773948,-9.793614897,2.146645176,91.30390468,hybrid,-58.52678515,38.07464594
BC,3,EN_BC_3,beaver canyon,38.27982,-112.56807,UT,1887,NA,salicifolia/oreophila,9.531849663,101.2990308,-8.344297662,0.34712945,89.86016492,hybrid,-58.52678515,38.07464594
BC,4,EN_BC_4,beaver canyon,38.27982,-112.56807,UT,1887,NA,salicifolia/oreophila,10.79447618,96.50353099,-7.205063498,2.015033809,85.78803981,hybrid,-58.52678515,38.07464594
BC,5,EN_BC_5,beaver canyon,38.27982,-112.56807,UT,1887,NA,salicifolia/oreophila,9.931987529,98.23572929,-8.007453743,2.153306477,87.05662692,hybrid,-58.52678515,38.07464594
BC,6,EN_BC_6,beaver canyon,38.27982,-112.56807,UT,1887,NA,salicifolia/oreophila,13.9689444,94.15752462,-8.372916764,1.062478968,81.87401558,hybrid,-58.52678515,38.07464594
BC,7,EN_BC_7,beaver canyon,38.27982,-112.56807,UT,1887,NA,salicifolia/oreophila,-118.3269852,-11.65151887,-38.84823391,-27.18312223,-2.614202951,green,-58.52678515,38.07464594
BC,8,EN_BC_8,beaver canyon,38.27982,-112.56807,UT,1887,NA,salicifolia/oreophila,-110.7607462,-8.654701745,-27.87025207,-17.092603,-0.522734228,green,-58.52678515,38.07464594
BC,9,EN_BC_9,beaver canyon,38.27982,-112.56807,UT,1887,NA,salicifolia/oreophila,-118.3365883,-12.70535675,-43.21051367,-23.48447319,-2.350692807,green,-58.52678515,38.07464594
BH,1,EN_BH_1,Baker Hwy,45.08907,-117.84837,OR,1007,NA,oreophila,-70.47913544,-33.9766951,-58.87237832,46.80896701,-1.328090945,green,-69.6253329,-34.54947104
BH,2,EN_BH_2,Baker Hwy,45.08907,-117.84837,OR,1007,NA,oreophila,-67.38470667,-33.21163255,-58.49548281,45.06948182,-2.617154019,hybrid,-69.6253329,-34.54947104
BH,3,EN_BH_3,Baker Hwy,45.08907,-117.84837,OR,1007,NA,oreophila,-68.89833893,-36.74212232,-58.39606704,45.48919079,-0.358527082,green,-69.6253329,-34.54947104
BH,4,EN_BH_4,Baker Hwy,45.08907,-117.84837,OR,1007,NA,oreophila,-70.51105969,-33.48921908,-58.91103762,46.52391906,0.084236635,green,-69.6253329,-34.54947104
BH,5,EN_BH_5,Baker Hwy,45.08907,-117.84837,OR,1007,NA,oreophila,-69.44868331,-35.53660473,-59.49359002,45.99198961,-0.665671844,green,-69.6253329,-34.54947104
BH,6,EN_BH_6,Baker Hwy,45.08907,-117.84837,OR,1007,NA,oreophila,-71.03007338,-34.34055248,-57.39896381,46.53218709,-1.709823002,green,-69.6253329,-34.54947104
BL,1,EN_BL_1,OR badlands,43.94395,-121.02769,OR,1104,NA,? Gray/green leaves,59.01624425,-63.65877887,13.00753591,-7.956476208,29.92380942,grey,57.19937805,-61.68234177
BL,2,EN_BL_2,OR badlands,43.94395,-121.02769,OR,1104,NA,? Gray/green leaves,57.37856055,-62.61261307,12.67037339,-6.607280846,30.61142539,grey,57.19937805,-61.68234177
BL,3,EN_BL_3,OR badlands,43.94395,-121.02769,OR,1104,NA,? Gray/green leaves,58.61287478,-60.81700389,10.74507104,-7.418245021,30.87996341,grey,57.19937805,-61.68234177
BL,4,EN_BL_4,OR badlands,43.94395,-121.02769,OR,1104,NA,? Gray/green leaves,54.66163317,-60.40201852,11.45694791,-6.941863495,28.27601515,grey,57.19937805,-61.68234177
BL,5,EN_BL_5,OR badlands,43.94395,-121.02769,OR,1104,NA,? Gray/green leaves,55.75505115,-61.0220029,12.0838084,-5.94413203,29.76069805,grey,57.19937805,-61.68234177
BL,6,EN_BL_6,OR badlands,43.94395,-121.02769,OR,1104,NA,? Gray/green leaves,57.77190444,-61.58163339,11.34297807,-6.967430138,28.47093107,grey,57.19937805,-61.68234177
BM,16,EN_BM_16,Bald Mountain Canyon,39.26398,-117.7243,NV,2245,NA,hololueca,60.70788557,32.274284,-4.384811398,-2.125073765,-29.90965347,grey,61.3640363,30.60533276
BM,18,EN_BM_18,Bald Mountain Canyon,39.26398,-117.7243,NV,2245,NA,hololueca,72.29326954,-10.97041041,3.079239337,-10.35904276,-14.74833774,grey,61.3640363,30.60533276
BM,19,EN_BM_19,Bald Mountain Canyon,39.26398,-117.7243,NV,2245,NA,hololueca,65.62118589,15.71376478,-0.812704438,-7.627711547,-23.50850216,grey,61.3640363,30.60533276
BM,20,EN_BM_20,Bald Mountain Canyon,39.26398,-117.7243,NV,2245,NA,hololueca,58.3353216,30.49508053,-4.270667729,-1.653774402,-31.60302423,grey,61.3640363,30.60533276
BM,21,EN_BM_21,Bald Mountain Canyon,39.26398,-117.7243,NV,2245,NA,hololueca,60.9616931,39.64691651,-5.037265661,-0.995015919,-35.95496091,grey,61.3640363,30.60533276
BM,22,EN_BM_22,Bald Mountain Canyon,39.26398,-117.7243,NV,2245,NA,hololueca,60.22480015,31.33232926,-4.396443082,-2.604840415,-31.31270415,grey,61.3640363,30.60533276
BM,23,EN_BM_23,Bald Mountain Canyon,39.26398,-117.7243,NV,2245,NA,hololueca,67.67100158,8.049801558,0.589839296,-6.686197288,-19.74097104,grey,61.3640363,30.60533276
BM,24,EN_BM_24,Bald Mountain Canyon,39.26398,-117.7243,NV,2245,NA,hololueca,57.66957275,32.49431114,-4.573091347,-0.667521281,-29.47525983,grey,61.3640363,30.60533276
BM,25,EN_BM_25,Bald Mountain Canyon,39.26398,-117.7243,NV,2245,NA,hololueca,57.35513847,41.04102267,-5.889212991,0.704560786,-33.89322939,grey,61.3640363,30.60533276
BM,26,EN_BM_26,Bald Mountain Canyon,39.26398,-117.7243,NV,2245,NA,hololueca,58.46483481,46.53765625,-5.330786747,0.519459372,-39.78967439,grey,61.3640363,30.60533276
BM,27,EN_BM_27,Bald Mountain Canyon,39.26398,-117.7243,NV,2245,NA,hololueca,60.23076458,30.42719771,-4.059635557,-1.734708758,-32.51506039,grey,61.3640363,30.60533276
BM,28,EN_BM_28,Bald Mountain Canyon,39.26398,-117.7243,NV,2245,NA,hololueca,55.64978047,49.66581771,-8.202958181,1.815957448,-43.38537675,grey,61.3640363,30.60533276
BM,29,EN_BM_29,Bald Mountain Canyon,39.26398,-117.7243,NV,2245,NA,hololueca,64.24318541,41.50558417,-4.671472336,-1.261811988,-38.96083167,grey,61.3640363,30.60533276
BM,30,EN_BM_30,Bald Mountain Canyon,39.26398,-117.7243,NV,2245,NA,hololueca,59.66807427,40.26130279,-3.936851913,0.350609408,-36.77591642,grey,61.3640363,30.60533276
BO,1,EN_BO_1,bud 1,39.14467,-111.75611,UT,1631,nauseosa,iridis,-80.3704964,0.824410568,19.3403645,-0.734018538,1.945825361,green,-79.87421094,1.534227488
BO,2,EN_BO_2,bud 1,39.14467,-111.75611,UT,1631,nauseosa,iridis,-81.68810712,1.875945763,18.39819347,-0.633448852,-0.076960191,green,-79.87421094,1.534227488
BO,3,EN_BO_3,bud 1,39.14467,-111.75611,UT,1631,nauseosa,iridis,-79.61569588,1.926858148,21.1944708,-0.24742854,0.583493657,green,-79.87421094,1.534227488
BO,4,EN_BO_4,bud 1,39.14467,-111.75611,UT,1631,nauseosa,iridis,-78.41661182,1.953027576,19.20224655,1.197561028,-0.197013102,green,-79.87421094,1.534227488
BO,5,EN_BO_5,bud 1,39.14467,-111.75611,UT,1631,nauseosa,iridis,-79.5977175,1.72091783,19.97712796,1.822342579,2.149129337,green,-79.87421094,1.534227488
BO,6,EN_BO_6,bud 1,39.14467,-111.75611,UT,1631,nauseosa,iridis,-79.5566369,0.904205041,21.15646107,1.882608565,1.111198082,green,-79.87421094,1.534227488
BT,1,EN_BT_1,bud 2,39.02786,-111.74611,UT,1711,consilimis,oreophila,-113.4100424,-7.850556886,-26.7456941,-27.46760119,-0.085676716,green,-112.4771276,-7.764260561
BT,2,EN_BT_2,bud 2,39.02786,-111.74611,UT,1711,consilimis,oreophila,-117.8564838,-7.947655864,-32.09460711,-33.43298741,-2.446238552,green,-112.4771276,-7.764260561
BT,3,EN_BT_3,bud 2,39.02786,-111.74611,UT,1711,consilimis,oreophila,-102.6077797,-7.053088108,-12.23699285,-10.30926372,-1.600968116,green,-112.4771276,-7.764260561
BT,4,EN_BT_4,bud 2,39.02786,-111.74611,UT,1711,consilimis,oreophila,-112.649852,-8.623739969,-28.50195489,-26.89165135,-0.906399263,green,-112.4771276,-7.764260561
BT,5,EN_BT_5,bud 2,39.02786,-111.74611,UT,1711,consilimis,oreophila,-114.5493482,-8.172782959,-30.76949383,-26.80167225,-1.631454045,green,-112.4771276,-7.764260561
BT,6,EN_BT_6,bud 2,39.02786,-111.74611,UT,1711,consilimis,oreophila,-113.7892594,-6.937739579,-31.66401113,-27.59188395,-0.458327076,green,-112.4771276,-7.764260561
BV,16,EN_BV_16,Buena Vista,43.0529,-118.8715,OR,1277,NA,hololueca,62.47385533,-50.52714349,4.387158145,-8.705055159,11.70358593,grey,62.16806665,-50.43960563
BV,17,EN_BV_17,Buena Vista,43.0529,-118.8715,OR,1277,NA,hololueca,57.30478163,-40.22567074,1.762973444,-4.770624799,10.62728411,grey,62.16806665,-50.43960563
BV,18,EN_BV_18,Buena Vista,43.0529,-118.8715,OR,1277,NA,hololueca,64.95781955,-54.9611519,6.406668111,-9.148698828,15.42424995,grey,62.16806665,-50.43960563
BV,19,EN_BV_19,Buena Vista,43.0529,-118.8715,OR,1277,NA,hololueca,66.44059854,-56.02338477,5.086832013,-9.838485588,18.20359513,grey,62.16806665,-50.43960563
BV,20,EN_BV_20,Buena Vista,43.0529,-118.8715,OR,1277,NA,hololueca,60.92484719,-50.88011569,4.601928824,-7.992403215,14.10900641,grey,62.16806665,-50.43960563
BV,21,EN_BV_21,Buena Vista,43.0529,-118.8715,OR,1277,NA,hololueca,63.93656528,-54.85188532,6.340661925,-9.523938468,16.0484761,grey,62.16806665,-50.43960563
BV,22,EN_BV_22,Buena Vista,43.0529,-118.8715,OR,1277,NA,hololueca,59.47396064,-46.23463981,3.352006864,-7.848811272,10.93791143,grey,62.16806665,-50.43960563
BV,23,EN_BV_23,Buena Vista,43.0529,-118.8715,OR,1277,NA,hololueca,62.34525092,-52.23734636,4.500189546,-7.911849301,14.3501004,grey,62.16806665,-50.43960563
BV,24,EN_BV_24,Buena Vista,43.0529,-118.8715,OR,1277,NA,hololueca,58.96195636,-44.55514385,3.00977077,-6.384969149,9.519730428,grey,62.16806665,-50.43960563
BV,25,EN_BV_25,Buena Vista,43.0529,-118.8715,OR,1277,NA,hololueca,61.04077765,-51.64039854,3.003336781,-6.91723514,14.84955862,grey,62.16806665,-50.43960563
BV,26,EN_BV_26,Buena Vista,43.0529,-118.8715,OR,1277,NA,hololueca,62.23785116,-50.01208114,5.400549901,-9.334388812,13.71232344,grey,62.16806665,-50.43960563
BV,27,EN_BV_27,Buena Vista,43.0529,-118.8715,OR,1277,NA,hololueca,64.0038265,-54.23732304,5.337527319,-9.284898769,15.0776649,grey,62.16806665,-50.43960563
BV,28,EN_BV_28,Buena Vista,43.0529,-118.8715,OR,1277,NA,hololueca,63.80440487,-51.05793014,5.654529568,-9.365761732,14.46178327,grey,62.16806665,-50.43960563
BV,29,EN_BV_29,Buena Vista,43.0529,-118.8715,OR,1277,NA,hololueca,63.49187937,-47.48673437,4.748225031,-9.53559053,12.95964193,grey,62.16806665,-50.43960563
BV,30,EN_BV_30,Buena Vista,43.0529,-118.8715,OR,1277,NA,hololueca,61.12262475,-51.66313533,7.171401695,-7.631310718,13.67654499,grey,62.16806665,-50.43960563
CC,1,EN_CC_1,clover creek,42.23095,-122.08695,OR,1265,NA,? Green leaves,-44.37909829,-3.440324241,44.08217509,26.66537907,0.555107936,hybrid,-43.8608596,-4.252269192
CC,2,EN_CC_2,clover creek,42.23095,-122.08695,OR,1265,NA,? Green leaves,-43.58850579,-3.993816389,49.80519831,30.18928586,1.004206966,hybrid,-43.8608596,-4.252269192
CC,4,EN_CC_4,clover creek,42.23095,-122.08695,OR,1265,NA,? Green leaves,-43.61497472,-5.322666947,47.23674956,29.28633382,0.346612306,hybrid,-43.8608596,-4.252269192
CH,1,EN_CH_1,CA3,38.07189,-119.07318,CA,1971,NA,speciosa,-16.54783409,3.105090587,-35.66436026,25.44195257,-5.550377488,hybrid,40.60066426,34.02053844
CH,2,EN_CH_2,CA3,38.07189,-119.07318,CA,1971,NA,speciosa,53.85715589,30.28496534,-2.496155493,-1.910651635,-1.927503642,grey,40.60066426,34.02053844
CH,3,EN_CH_3,CA3,38.07189,-119.07318,CA,1971,NA,speciosa,53.31458214,30.53703741,-1.810149961,-1.392651523,0.896878048,grey,40.60066426,34.02053844
CH,4,EN_CH_4,CA3,38.07189,-119.07318,CA,1971,NA,speciosa,45.67241737,52.87392068,-3.900045551,0.93372729,-8.134087371,grey,40.60066426,34.02053844
CH,5,EN_CH_5,CA3,38.07189,-119.07318,CA,1971,NA,speciosa,48.85321692,40.84377379,-3.361425896,-0.339472118,-1.994969511,grey,40.60066426,34.02053844
CH,6,EN_CH_6,CA3,38.07189,-119.07318,CA,1971,NA,speciosa,45.84906898,53.5650179,-5.867480776,2.50751334,-8.55918754,grey,40.60066426,34.02053844
CH,7,EN_CH_7,CA3,38.07189,-119.07318,CA,1971,NA,speciosa,53.20604263,26.93396339,-1.263523602,-1.398074554,-2.535615121,grey,40.60066426,34.02053844
CI,1,EN_CI_1,city,37.11173,-113.56686,UT,888,NA,graveolens,-135.0305584,3.803565161,23.64179171,-121.1754513,-18.29599575,green,-134.222868,4.769051515
CI,2,EN_CI_2,city,37.11173,-113.56686,UT,888,NA,graveolens,-130.1408575,4.241858666,21.64615036,-110.4791912,-15.85567511,green,-134.222868,4.769051515
CI,3,EN_CI_3,city,37.11173,-113.56686,UT,888,NA,graveolens,-134.0250325,5.259044292,24.26076504,-121.9055118,-17.78710307,green,-134.222868,4.769051515
CI,4,EN_CI_4,city,37.11173,-113.56686,UT,888,NA,graveolens,-135.5262824,5.562022902,26.73003324,-125.3162393,-18.65950413,green,-134.222868,4.769051515
CI,5,EN_CI_5,city,37.11173,-113.56686,UT,888,NA,graveolens,-136.3916093,4.978766551,25.24052184,-123.0489509,-17.6171185,green,-134.222868,4.769051515
CL,1,EN_CL_1,10-6 cliff,43.70761,-118.51556,OR,1372,NA,salicifolia,70.34543723,-72.44078915,13.84041876,-15.66498735,27.00572192,grey,69.19876481,-70.37921963
CL,2,EN_CL_2,10-6 cliff,43.70761,-118.51556,OR,1372,NA,salicifolia,68.32519902,-70.04610619,10.96219506,-15.51426654,26.97090037,grey,69.19876481,-70.37921963
CL,3,EN_CL_3,10-6 cliff,43.70761,-118.51556,OR,1372,NA,salicifolia,71.3736293,-74.18087362,11.60514963,-16.63513983,29.91720274,grey,69.19876481,-70.37921963
CL,4,EN_CL_4,10-6 cliff,43.70761,-118.51556,OR,1372,NA,salicifolia,70.45825597,-65.68300218,12.31011467,-14.96825985,27.41936371,grey,69.19876481,-70.37921963
CL,5,EN_CL_5,10-6 cliff,43.70761,-118.51556,OR,1372,NA,salicifolia,69.45791173,-69.99445178,11.65584876,-14.98950596,28.52582799,grey,69.19876481,-70.37921963
CL,6,EN_CL_6,10-6 cliff,43.70761,-118.51556,OR,1372,NA,salicifolia,65.23215561,-69.93009485,10.50155903,-14.08369635,26.9234209,grey,69.19876481,-70.37921963
CN,1,EN_CN_1,corona,41.94453,-118.67245,OR,1257,NA,leiosperma,-82.77683052,-31.96199643,-64.19775966,45.99243819,-2.693006075,green,-80.87768481,-32.65977326
CN,2,EN_CN_2,corona,41.94453,-118.67245,OR,1257,NA,leiosperma,-81.83036934,-30.4404846,-60.17561905,42.87303702,-3.956878357,green,-80.87768481,-32.65977326
CN,4,EN_CN_4,corona,41.94453,-118.67245,OR,1257,NA,leiosperma,-80.61086941,-35.4523344,-74.26505344,51.32677023,-5.146791897,green,-80.87768481,-32.65977326
CN,5,EN_CN_5,corona,41.94453,-118.67245,OR,1257,NA,leiosperma,-79.22164161,-31.83256043,-69.36818901,48.58070204,-2.555868993,green,-80.87768481,-32.65977326
CN,6,EN_CN_6,corona,41.94453,-118.67245,OR,1257,NA,leiosperma,-79.94871317,-33.61149044,-69.14154531,49.07587744,-5.225006847,green,-80.87768481,-32.65977326
CO,1,EN_CO_1,CA1,37.81108,-118.5214,CA,1694,NA,oreophila,-90.7091262,-20.85767955,-61.00318763,49.19776997,-2.129949992,green,-88.8953147,-19.32152228
CO,2,EN_CO_2,CA1,37.81108,-118.5214,CA,1694,NA,oreophila,-90.02411265,-16.73171414,-40.18948732,35.38093474,-1.568278372,green,-88.8953147,-19.32152228
CO,3,EN_CO_3,CA1,37.81108,-118.5214,CA,1694,NA,oreophila,-88.36308255,-19.99896997,-57.47920907,46.17292286,-2.577739492,green,-88.8953147,-19.32152228
CO,4,EN_CO_4,CA1,37.81108,-118.5214,CA,1694,NA,oreophila,-90.19715693,-20.23820678,-58.05008253,46.58905794,-3.303357855,green,-88.8953147,-19.32152228
CO,5,EN_CO_5,CA1,37.81108,-118.5214,CA,1694,NA,oreophila,-85.18309515,-18.78104096,-54.64600736,44.50564013,-3.351591891,green,-88.8953147,-19.32152228
CS,1,EN_CS_1,CP3-69,37.04314,-112.19856,UT,1647,NA,? green leaves,-132.5609775,4.534138926,19.77133317,-109.8329374,-13.53614901,green,-133.943491,4.562278772
CS,2,EN_CS_2,CP3-69,37.04314,-112.19856,UT,1647,NA,? green leaves,-133.5125626,4.544098909,18.91163733,-113.8568193,-15.96741857,green,-133.943491,4.562278772
CS,3,EN_CS_3,CP3-69,37.04314,-112.19856,UT,1647,NA,? green leaves,-137.1414749,6.061414634,21.80698465,-123.4652733,-14.71102645,green,-133.943491,4.562278772
CS,4,EN_CS_4,CP3-69,37.04314,-112.19856,UT,1647,NA,? green leaves,-132.3337859,4.708247346,19.43627856,-113.0784086,-14.78983848,green,-133.943491,4.562278772
CS,5,EN_CS_5,CP3-69,37.04314,-112.19856,UT,1647,NA,? green leaves,-134.2383339,3.568880867,22.87703759,-112.1097022,-16.34461491,green,-133.943491,4.562278772
CS,6,EN_CS_6,CP3-69,37.04314,-112.19856,UT,1647,NA,? green leaves,-133.8738111,3.956891947,20.39968747,-116.8303811,-15.29605601,green,-133.943491,4.562278772
CT,1,EN_CT_1,CA2,37.89452,-118.85651,CA,2443,NA,oreophila,-90.62096817,-24.03984909,-62.67540215,46.7944896,-3.944138805,green,-91.10189021,-23.49956438
CT,2,EN_CT_2,CA2,37.89452,-118.85651,CA,2443,NA,oreophila,-91.70632747,-23.96144199,-63.13113657,48.3091849,-3.052355743,green,-91.10189021,-23.49956438
CT,3,EN_CT_3,CA2,37.89452,-118.85651,CA,2443,NA,oreophila,-88.99407284,-23.57698732,-61.54777803,46.23174304,-2.784560396,green,-91.10189021,-23.49956438
CT,4,EN_CT_4,CA2,37.89452,-118.85651,CA,2443,NA,oreophila,-92.60209611,-22.35769253,-62.15611586,45.76751972,-3.597746691,green,-91.10189021,-23.49956438
CT,5,EN_CT_5,CA2,37.89452,-118.85651,CA,2443,NA,oreophila,-91.50106976,-23.32065046,-63.16678294,48.23033355,-4.817630815,green,-91.10189021,-23.49956438
CT,6,EN_CT_6,CA2,37.89452,-118.85651,CA,2443,NA,oreophila,-91.18680693,-23.74076491,-64.62408415,48.74985557,-4.114801685,green,-91.10189021,-23.49956438
CV,1,EN_CV_1,CP3-70,37.76715,-113.16933,UT,1758,NA,? Gray leaves,10.80819207,98.55796004,-8.248524239,2.16281857,83.99510842,hybrid,14.55527535,92.09658003
CV,2,EN_CV_2,CP3-70,37.76715,-113.16933,UT,1758,NA,? Gray leaves,15.97417052,89.65382763,-7.494281889,1.388741296,74.44678253,hybrid,14.55527535,92.09658003
CV,3,EN_CV_3,CP3-70,37.76715,-113.16933,UT,1758,NA,? Gray leaves,17.88514879,97.06043067,-9.315206609,0.580413818,79.62038774,hybrid,14.55527535,92.09658003
CV,4,EN_CV_4,CP3-70,37.76715,-113.16933,UT,1758,NA,? Gray leaves,14.00016704,84.89521363,-8.884461925,1.724162387,73.07711149,hybrid,14.55527535,92.09658003
CV,5,EN_CV_5,CP3-70,37.76715,-113.16933,UT,1758,NA,? Gray leaves,13.70927707,89.39238043,-8.158973456,1.686153504,76.33935644,hybrid,14.55527535,92.09658003
CV,6,EN_CV_6,CP3-70,37.76715,-113.16933,UT,1758,NA,? Gray leaves,14.95469661,93.01966777,-7.923181217,1.086199865,78.39890106,hybrid,14.55527535,92.09658003
DC,10,EN_DC_10,Diamond Crater,43.075863,-118.748551,OR,1295,NA,hololueca,55.46119575,-38.03810432,2.01010758,-7.460402119,9.133055609,grey,53.57089943,-36.67789709
DC,11,EN_DC_11,Diamond Crater,43.075863,-118.748551,OR,1295,NA,hololueca,59.0545027,-35.71700215,3.007507272,-4.630280517,5.351807308,grey,53.57089943,-36.67789709
DC,12,EN_DC_12,Diamond Crater,43.075863,-118.748551,OR,1295,NA,hololueca,57.08225317,-24.16031379,1.830767586,-5.305178244,5.696399647,grey,53.57089943,-36.67789709
DC,13,EN_DC_13,Diamond Crater,43.075863,-118.748551,OR,1295,NA,hololueca,57.13505561,-42.79851259,1.632414602,-5.809495292,8.391316518,grey,53.57089943,-36.67789709
DC,14,EN_DC_14,Diamond Crater,43.075863,-118.748551,OR,1295,NA,hololueca,55.65392254,-39.63238644,-0.408059953,-4.949766907,6.42760163,grey,53.57089943,-36.67789709
DC,15,EN_DC_15,Diamond Crater,43.075863,-118.748551,OR,1295,NA,hololueca,59.14647133,-39.01973198,1.804646502,-4.89694571,6.229063997,grey,53.57089943,-36.67789709
DC,1,EN_DC_1,Diamond Crater,43.075863,-118.748551,OR,1295,NA,hololueca,59.4876427,-45.62713216,0.6418764,-6.112436088,10.67837296,grey,53.57089943,-36.67789709
DC,2,EN_DC_2,Diamond Crater,43.075863,-118.748551,OR,1295,NA,hololueca,56.64948132,-25.82011931,0.998383194,-4.674022148,4.175731023,grey,53.57089943,-36.67789709
DC,3,EN_DC_3,Diamond Crater,43.075863,-118.748551,OR,1295,NA,hololueca,-3.605669912,-34.06261944,-26.50329677,16.04872309,3.170584671,hybrid,53.57089943,-36.67789709
DC,4,EN_DC_4,Diamond Crater,43.075863,-118.748551,OR,1295,NA,hololueca,57.59281512,-30.19950306,0.540470338,-6.613196963,4.872240901,grey,53.57089943,-36.67789709
DC,5,EN_DC_5,Diamond Crater,43.075863,-118.748551,OR,1295,NA,hololueca,57.04662672,-36.13136388,0.208564609,-5.835909072,3.532701159,grey,53.57089943,-36.67789709
DC,6,EN_DC_6,Diamond Crater,43.075863,-118.748551,OR,1295,NA,hololueca,59.3007399,-39.53789487,0.865828178,-6.013062018,8.257554968,grey,53.57089943,-36.67789709
DC,7,EN_DC_7,Diamond Crater,43.075863,-118.748551,OR,1295,NA,hololueca,59.59847493,-43.61710019,2.549811718,-7.678040611,4.298588699,grey,53.57089943,-36.67789709
DC,8,EN_DC_8,Diamond Crater,43.075863,-118.748551,OR,1295,NA,hololueca,57.90720415,-35.94180046,3.426770385,-4.875747945,4.7299528,grey,53.57089943,-36.67789709
DC,9,EN_DC_9,Diamond Crater,43.075863,-118.748551,OR,1295,NA,hololueca,56.05277544,-39.86487177,0.898834149,-4.762483198,7.474511127,grey,53.57089943,-36.67789709
DH,13,EN_DH_13,Dayton Hill,39.211,-119.60815,NV,1423,NA,hololueca,59.60929157,32.94619225,-5.506297824,-0.33125826,-36.48169865,grey,59.60132518,29.24163966
DH,14,EN_DH_14,Dayton Hill,39.211,-119.60815,NV,1423,NA,hololueca,62.05101056,23.09301176,-3.3606498,-2.595234098,-31.8438926,grey,59.60132518,29.24163966
DH,15,EN_DH_15,Dayton Hill,39.211,-119.60815,NV,1423,NA,hololueca,54.57556224,43.31757978,-6.76078832,1.423545499,-36.09195542,grey,59.60132518,29.24163966
DH,16,EN_DH_16,Dayton Hill,39.211,-119.60815,NV,1423,NA,hololueca,62.38022091,23.26571209,-4.369638954,-3.197105537,-33.82957654,grey,59.60132518,29.24163966
DH,17,EN_DH_17,Dayton Hill,39.211,-119.60815,NV,1423,NA,hololueca,62.0950417,17.11916843,-1.93020762,-3.028737258,-27.81619202,grey,59.60132518,29.24163966
DH,18,EN_DH_18,Dayton Hill,39.211,-119.60815,NV,1423,NA,hololueca,59.29824048,23.84263484,-2.800795889,-1.678622369,-29.18549549,grey,59.60132518,29.24163966
DH,19,EN_DH_19,Dayton Hill,39.211,-119.60815,NV,1423,NA,hololueca,60.83136543,25.5223052,-3.092334523,-0.736068994,-28.58311917,grey,59.60132518,29.24163966
DH,20,EN_DH_20,Dayton Hill,39.211,-119.60815,NV,1423,NA,hololueca,49.67083127,29.78220067,-11.39185844,3.039343672,-38.49773009,grey,59.60132518,29.24163966
DH,21,EN_DH_21,Dayton Hill,39.211,-119.60815,NV,1423,NA,hololueca,60.27596851,35.8657407,-4.562727822,0.082306093,-38.26940887,grey,59.60132518,29.24163966
DH,22,EN_DH_22,Dayton Hill,39.211,-119.60815,NV,1423,NA,hololueca,58.71479078,39.89338566,-6.262140805,1.683034193,-43.04028142,grey,59.60132518,29.24163966
DH,23,EN_DH_23,Dayton Hill,39.211,-119.60815,NV,1423,NA,hololueca,59.50305603,32.18335523,-5.694342725,-0.954660402,-38.23657699,grey,59.60132518,29.24163966
DH,24,EN_DH_24,Dayton Hill,39.211,-119.60815,NV,1423,NA,hololueca,62.24142815,20.84787135,-2.977584947,-2.618559115,-31.97495672,grey,59.60132518,29.24163966
DH,25,EN_DH_25,Dayton Hill,39.211,-119.60815,NV,1423,NA,hololueca,59.54813119,38.71620762,-6.514507737,0.278272461,-40.57963503,grey,59.60132518,29.24163966
DH,26,EN_DH_26,Dayton Hill,39.211,-119.60815,NV,1423,NA,hololueca,59.73777001,29.98255693,-5.088975133,-1.173961447,-33.16198778,grey,59.60132518,29.24163966
DH,28,EN_DH_28,Dayton Hill,39.211,-119.60815,NV,1423,NA,hololueca,63.48716886,22.24667233,-3.044991508,-3.642219494,-26.53996033,grey,59.60132518,29.24163966
DM,1,EN_DM_1,7-17-17 Death by Mosquito,39.73112,-111.15585,UT,2352,NA,? Green leaves,-102.1775811,-2.154665105,-3.68487777,-29.69696083,2.156780572,green,-101.5918293,-2.624672478
DM,3,EN_DM_3,7-17-17 Death by Mosquito,39.73112,-111.15585,UT,2352,NA,? Green leaves,-102.1806495,-0.684516818,-2.50570667,-30.20763827,2.018101972,green,-101.5918293,-2.624672478
DM,4,EN_DM_4,7-17-17 Death by Mosquito,39.73112,-111.15585,UT,2352,NA,? Green leaves,-100.4460511,-4.114524102,-3.568543636,-17.51012537,-0.32032689,green,-101.5918293,-2.624672478
DM,5,EN_DM_5,7-17-17 Death by Mosquito,39.73112,-111.15585,UT,2352,NA,? Green leaves,-101.5630355,-3.544983886,-3.707081885,-23.01411837,0.822228416,green,-101.5918293,-2.624672478
DT,1,EN_DT_1,10-5 ditch,43.43917,-118.7375,OR,1240,consilimis,oreophila,-77.63015112,-20.42495629,-26.9475922,23.19287612,-0.15376997,green,-75.51102965,-28.84496263
DT,2,EN_DT_2,10-5 ditch,43.43917,-118.7375,OR,1240,consilimis,oreophila,-72.16080721,-36.22065094,-63.04932106,48.07352743,-0.135771974,green,-75.51102965,-28.84496263
DT,3,EN_DT_3,10-5 ditch,43.43917,-118.7375,OR,1240,consilimis,oreophila,-74.06357823,-35.54392804,-61.18750585,45.88287532,-1.709152337,green,-75.51102965,-28.84496263
DT,4,EN_DT_4,10-5 ditch,43.43917,-118.7375,OR,1240,consilimis,oreophila,-75.73176267,-25.54010453,-40.28312701,31.87832821,-0.969956347,green,-75.51102965,-28.84496263
DT,5,EN_DT_5,10-5 ditch,43.43917,-118.7375,OR,1240,consilimis,oreophila,-80.87035102,-22.64419547,-30.79213053,27.3977866,-1.53276584,green,-75.51102965,-28.84496263
DT,6,EN_DT_6,10-5 ditch,43.43917,-118.7375,OR,1240,consilimis,oreophila,-72.60952766,-32.69594049,-55.60601057,41.00210908,-0.801331691,green,-75.51102965,-28.84496263
EW,11,EN_EW_11,East Walker,38.348308,-119.212272,CA,2043,NA,speciosa,-79.96237437,-34.58702582,-68.16758305,48.74932976,-6.001753573,green,33.68113397,-39.31380062
EW,12,EN_EW_12,East Walker,38.348308,-119.212272,CA,2043,NA,speciosa,-82.37631027,-26.66984784,-48.18892953,37.98334139,-5.018803989,green,33.68113397,-39.31380062
EW,13,EN_EW_13,East Walker,38.348308,-119.212272,CA,2043,NA,speciosa,73.34115204,-34.78645088,9.937140777,-14.60115169,4.05327911,grey,33.68113397,-39.31380062
EW,14,EN_EW_14,East Walker,38.348308,-119.212272,CA,2043,NA,speciosa,77.0842912,-44.68291522,10.90046724,-17.93087511,3.776874943,grey,33.68113397,-39.31380062
EW,15,EN_EW_15,East Walker,38.348308,-119.212272,CA,2043,NA,speciosa,75.02718567,-47.33312362,10.38303056,-19.10222706,5.386885752,grey,33.68113397,-39.31380062
EW,16,EN_EW_16,East Walker,38.348308,-119.212272,CA,2043,NA,speciosa,75.26307432,-46.19423155,12.12357524,-16.32207262,4.60246259,grey,33.68113397,-39.31380062
EW,1,EN_EW_1,East Walker,38.348308,-119.212272,CA,2043,NA,speciosa,1.521705243,-43.47847357,-32.5027187,18.25020572,-0.893083525,hybrid,33.68113397,-39.31380062
EW,2,EN_EW_2,East Walker,38.348308,-119.212272,CA,2043,NA,speciosa,76.92229956,-39.37108337,9.267688372,-15.60925351,2.245923921,grey,33.68113397,-39.31380062
EW,3,EN_EW_3,East Walker,38.348308,-119.212272,CA,2043,NA,speciosa,77.42547651,-43.59750639,10.79810899,-16.10813654,5.236282949,grey,33.68113397,-39.31380062
EW,4,EN_EW_4,East Walker,38.348308,-119.212272,CA,2043,NA,speciosa,72.79149644,-39.97596001,9.116037,-14.33503712,3.452958591,grey,33.68113397,-39.31380062
EW,5,EN_EW_5,East Walker,38.348308,-119.212272,CA,2043,NA,speciosa,71.38343887,-29.42093787,8.56817591,-13.14044237,0.218169175,grey,33.68113397,-39.31380062
EW,6,EN_EW_6,East Walker,38.348308,-119.212272,CA,2043,NA,speciosa,77.33406653,-45.08730289,13.01496688,-18.19985065,3.676451806,grey,33.68113397,-39.31380062
EW,7,EN_EW_7,East Walker,38.348308,-119.212272,CA,2043,NA,speciosa,72.43477899,-35.08205978,9.078287726,-14.61158337,2.655209199,grey,33.68113397,-39.31380062
EW,8,EN_EW_8,East Walker,38.348308,-119.212272,CA,2043,NA,speciosa,-2.49978705,-43.30248757,-32.32161614,18.36436467,1.63056726,hybrid,33.68113397,-39.31380062
EW,9,EN_EW_9,East Walker,38.348308,-119.212272,CA,2043,NA,speciosa,-80.47348406,-36.13760298,-71.38325389,51.07489596,-6.139701413,green,33.68113397,-39.31380062
FR,10,EN_FR_10,Finger Rock,38.570527,-118.081634,NV,2129,NA,hololueca,48.36965781,79.28098482,-12.13927049,6.411601487,-42.07362935,grey,48.64644021,73.70275993
FR,11,EN_FR_11,Finger Rock,38.570527,-118.081634,NV,2129,NA,hololueca,46.17336049,75.38369643,-11.50910744,5.477718267,-36.06442647,grey,48.64644021,73.70275993
FR,12,EN_FR_12,Finger Rock,38.570527,-118.081634,NV,2129,NA,hololueca,47.58855644,75.53056331,-10.77352031,7.164907013,-39.68851489,grey,48.64644021,73.70275993
FR,13,EN_FR_13,Finger Rock,38.570527,-118.081634,NV,2129,NA,hololueca,50.09898573,52.87892623,-6.624848928,2.184578119,-24.90562354,grey,48.64644021,73.70275993
FR,14,EN_FR_14,Finger Rock,38.570527,-118.081634,NV,2129,NA,hololueca,53.48242413,66.43390893,-11.53719159,3.491473735,-35.61176525,grey,48.64644021,73.70275993
FR,15,EN_FR_15,Finger Rock,38.570527,-118.081634,NV,2129,NA,hololueca,49.17875392,70.82450052,-10.90119282,4.013053686,-38.65762109,grey,48.64644021,73.70275993
FR,1,EN_FR_1,Finger Rock,38.570527,-118.081634,NV,2129,NA,hololueca,45.79465159,77.39113247,-11.9795623,6.423820226,-28.95169897,grey,48.64644021,73.70275993
FR,2,EN_FR_2,Finger Rock,38.570527,-118.081634,NV,2129,NA,hololueca,47.43899432,78.25899009,-12.17850828,7.981189292,-38.75486879,grey,48.64644021,73.70275993
FR,3,EN_FR_3,Finger Rock,38.570527,-118.081634,NV,2129,NA,hololueca,47.9073275,79.86611214,-11.74171915,6.253162127,-37.0416327,grey,48.64644021,73.70275993
FR,4,EN_FR_4,Finger Rock,38.570527,-118.081634,NV,2129,NA,hololueca,47.78951435,71.87523879,-10.86526736,4.181982452,-34.38819506,grey,48.64644021,73.70275993
FR,5,EN_FR_5,Finger Rock,38.570527,-118.081634,NV,2129,NA,hololueca,51.93224718,61.99870711,-9.827252467,2.815125181,-29.49453894,grey,48.64644021,73.70275993
FR,6,EN_FR_6,Finger Rock,38.570527,-118.081634,NV,2129,NA,hololueca,48.236278,73.30251857,-11.91790987,4.346156753,-34.9720459,grey,48.64644021,73.70275993
FR,7,EN_FR_7,Finger Rock,38.570527,-118.081634,NV,2129,NA,hololueca,48.51596874,82.50658577,-14.0746015,6.301270824,-39.03863349,grey,48.64644021,73.70275993
FR,8,EN_FR_8,Finger Rock,38.570527,-118.081634,NV,2129,NA,hololueca,48.03428961,75.75016549,-12.09276627,6.724486047,-38.60996745,grey,48.64644021,73.70275993
FR,9,EN_FR_9,Finger Rock,38.570527,-118.081634,NV,2129,NA,hololueca,49.15559334,84.25936834,-12.73975294,5.554174787,-39.15923746,grey,48.64644021,73.70275993
GB,16,EN_GB_16,Grey's Butte,42.9989,-119.954,OR,1587,consilimis,oreophila,-66.4951659,-43.33059166,-68.22804762,50.55162124,-1.797775908,green,-22.26453161,-44.45265929
GB,17,EN_GB_17,Grey's Butte,42.9989,-119.954,OR,1587,consilimis,oreophila,-9.413249477,-35.4121062,-23.9307653,17.0598258,6.200900979,hybrid,-22.26453161,-44.45265929
GB,18,EN_GB_18,Grey's Butte,42.9989,-119.954,OR,1587,consilimis,oreophila,5.616521334,-46.06293379,-23.21528296,14.69973712,8.680444325,hybrid,-22.26453161,-44.45265929
GB,19,EN_GB_19,Grey's Butte,42.9989,-119.954,OR,1587,consilimis,oreophila,-61.68688998,-41.18479322,-64.16459751,47.83327187,-0.332526625,hybrid,-22.26453161,-44.45265929
GB,20,EN_GB_20,Grey's Butte,42.9989,-119.954,OR,1587,consilimis,oreophila,-28.3166073,-45.28649455,-42.70808389,30.03158081,4.372571935,hybrid,-22.26453161,-44.45265929
GB,21,EN_GB_21,Grey's Butte,42.9989,-119.954,OR,1587,consilimis,oreophila,-54.51303542,-40.87957094,-58.53228222,42.20974509,-0.509355708,hybrid,-22.26453161,-44.45265929
GB,22,EN_GB_22,Grey's Butte,42.9989,-119.954,OR,1587,consilimis,oreophila,6.629789648,-50.32972198,-23.97369543,16.58718638,11.41948456,hybrid,-22.26453161,-44.45265929
GB,23,EN_GB_23,Grey's Butte,42.9989,-119.954,OR,1587,consilimis,oreophila,-2.702748614,-33.75176057,-20.37694121,15.20512646,6.374376676,hybrid,-22.26453161,-44.45265929
GB,24,EN_GB_24,Grey's Butte,42.9989,-119.954,OR,1587,consilimis,oreophila,-0.457281461,-49.51113646,-29.43400377,17.81549307,8.904028676,hybrid,-22.26453161,-44.45265929
GB,25,EN_GB_25,Grey's Butte,42.9989,-119.954,OR,1587,consilimis,oreophila,-41.44843519,-44.58451047,-54.29851036,38.88112686,0.317040406,hybrid,-22.26453161,-44.45265929
GB,26,EN_GB_26,Grey's Butte,42.9989,-119.954,OR,1587,consilimis,oreophila,-66.37520035,-40.19611746,-64.39859149,48.65351099,0.479678433,hybrid,-22.26453161,-44.45265929
GB,27,EN_GB_27,Grey's Butte,42.9989,-119.954,OR,1587,consilimis,oreophila,-58.41702188,-38.6280749,-55.73910131,41.9929731,-1.541145308,hybrid,-22.26453161,-44.45265929
GB,28,EN_GB_28,Grey's Butte,42.9989,-119.954,OR,1587,consilimis,oreophila,17.36289314,-53.69798205,-22.4667837,15.5254077,12.21682637,hybrid,-22.26453161,-44.45265929
GB,29,EN_GB_29,Grey's Butte,42.9989,-119.954,OR,1587,consilimis,oreophila,3.382763033,-52.76769472,-28.94410463,19.06293094,9.164339637,hybrid,-22.26453161,-44.45265929
GB,30,EN_GB_30,Grey's Butte,42.9989,-119.954,OR,1587,consilimis,oreophila,22.86569429,-51.16640035,-13.14517462,7.480858531,13.85385988,hybrid,-22.26453161,-44.45265929
GO,1,EN_GO_1,Gallup Oreos,35.50509,-108.82932,NM,1977,NA,oreophila,-122.160704,7.711966956,30.25639728,-93.80136176,-7.145418937,green,-117.5801747,4.418506401
GO,2,EN_GO_2,Gallup Oreos,35.50509,-108.82932,NM,1977,NA,oreophila,-122.9888219,6.284282017,26.69575535,-93.5973774,-8.052743881,green,-117.5801747,4.418506401
GO,3,EN_GO_3,Gallup Oreos,35.50509,-108.82932,NM,1977,NA,oreophila,-119.4779716,6.836628829,27.71635643,-88.46428187,-8.124720972,green,-117.5801747,4.418506401
GO,4,EN_GO_4,Gallup Oreos,35.50509,-108.82932,NM,1977,NA,oreophila,-112.3116094,0.546469651,18.47700069,-55.39000099,-5.549403391,green,-117.5801747,4.418506401
GO,5,EN_GO_5,Gallup Oreos,35.50509,-108.82932,NM,1977,NA,oreophila,-115.3270004,2.941831402,21.40955322,-67.95887661,-6.351636471,green,-117.5801747,4.418506401
GO,6,EN_GO_6,Gallup Oreos,35.50509,-108.82932,NM,1977,NA,oreophila,-113.2149408,2.189859549,18.88591485,-59.92695351,-5.005444869,green,-117.5801747,4.418506401
HL,1,EN_HL_1,7-17-17 hololeuca,39.99726,-111.31432,UT,1987,NA,hololueca,2.072473344,79.5371785,-7.704808196,-3.554517186,64.56459681,hybrid,-23.63587838,65.63218718
HL,2,EN_HL_2,7-17-17 hololeuca,39.99726,-111.31432,UT,1987,NA,hololueca,-19.12443046,73.02218337,-8.914681185,-8.683530133,64.99223744,hybrid,-23.63587838,65.63218718
HL,3,EN_HL_3,7-17-17 hololeuca,39.99726,-111.31432,UT,1987,NA,hololueca,1.295168093,87.24411274,-7.407425714,-2.534091332,73.48806368,hybrid,-23.63587838,65.63218718
HL,4,EN_HL_4,7-17-17 hololeuca,39.99726,-111.31432,UT,1987,NA,hololueca,-51.68961698,47.11134481,-6.487074703,-19.06933527,45.71995325,hybrid,-23.63587838,65.63218718
HL,5,EN_HL_5,7-17-17 hololeuca,39.99726,-111.31432,UT,1987,NA,hololueca,-50.73298591,41.24611648,-6.428889382,-19.11673541,36.55664475,hybrid,-23.63587838,65.63218718
HO,10,EN_HO_10,Hwy 140,41.855409,-118.577409,NV,1423,NA,hololueca,51.78696576,34.46952548,-7.989843029,4.918127888,-40.96550621,grey,52.15986471,27.05320777
HO,11,EN_HO_11,Hwy 140,41.855409,-118.577409,NV,1423,NA,hololueca,58.60878245,23.14111327,-6.335553075,0.689683783,-35.02678315,grey,52.15986471,27.05320777
HO,12,EN_HO_12,Hwy 140,41.855409,-118.577409,NV,1423,NA,hololueca,59.72047925,24.09556409,-5.306633053,-0.400740867,-38.749399,grey,52.15986471,27.05320777
HO,13,EN_HO_13,Hwy 140,41.855409,-118.577409,NV,1423,NA,hololueca,50.17723358,39.4886517,-9.75839365,3.129598226,-40.51760579,grey,52.15986471,27.05320777
HO,14,EN_HO_14,Hwy 140,41.855409,-118.577409,NV,1423,NA,hololueca,53.71819864,42.61895546,-9.742125814,4.177935638,-41.11327346,grey,52.15986471,27.05320777
HO,15,EN_HO_15,Hwy 140,41.855409,-118.577409,NV,1423,NA,hololueca,52.36573826,41.18307816,-9.941412238,4.671474054,-43.68996386,grey,52.15986471,27.05320777
HO,1,EN_HO_1,Hwy 140,41.855409,-118.577409,NV,1423,NA,hololueca,60.50833594,5.410607057,-0.816432659,-3.688712036,-12.20109555,grey,52.15986471,27.05320777
HO,2,EN_HO_2,Hwy 140,41.855409,-118.577409,NV,1423,NA,hololueca,62.41752417,-3.454222684,0.959621316,-5.892392044,-19.73171178,grey,52.15986471,27.05320777
HO,3,EN_HO_3,Hwy 140,41.855409,-118.577409,NV,1423,NA,hololueca,15.58047103,8.624848187,-22.49618006,13.61837501,-24.5666907,hybrid,52.15986471,27.05320777
HO,4,EN_HO_4,Hwy 140,41.855409,-118.577409,NV,1423,NA,hololueca,59.24423504,11.40283994,-2.748770267,-2.041645921,-24.74548401,grey,52.15986471,27.05320777
HO,5,EN_HO_5,Hwy 140,41.855409,-118.577409,NV,1423,NA,hololueca,52.96816515,33.93126038,-6.881996536,2.426265417,-39.98223194,grey,52.15986471,27.05320777
HO,6,EN_HO_6,Hwy 140,41.855409,-118.577409,NV,1423,NA,hololueca,55.1348703,27.38799669,-5.635133238,0.979528479,-35.89407295,grey,52.15986471,27.05320777
HO,7,EN_HO_7,Hwy 140,41.855409,-118.577409,NV,1423,NA,hololueca,48.34087033,42.65482359,-8.425300571,4.403117225,-39.92827405,grey,52.15986471,27.05320777
HO,8,EN_HO_8,Hwy 140,41.855409,-118.577409,NV,1423,NA,hololueca,51.58773625,32.8575161,-6.824272618,2.341662099,-35.71901531,grey,52.15986471,27.05320777
HO,9,EN_HO_9,Hwy 140,41.855409,-118.577409,NV,1423,NA,hololueca,50.2383645,41.98555918,-10.05759831,3.706659345,-41.50731074,grey,52.15986471,27.05320777
HW,1,EN_HW_1,HWY 138,34.32487,-117.42191,CA,1125,NA,? Green leaves,-67.78995944,-5.111775406,-5.322487695,19.95278746,1.559320892,green,-48.10273751,10.23667481
HW,2,EN_HW_2,HWY 138,34.32487,-117.42191,CA,1125,NA,? Green leaves,-63.977781,-3.506469241,-6.569686226,24.73881753,2.289646817,green,-48.10273751,10.23667481
HW,3,EN_HW_3,HWY 138,34.32487,-117.42191,CA,1125,NA,? Green leaves,-66.86670079,-5.06674698,-6.660855904,25.52586882,1.788074585,green,-48.10273751,10.23667481
HW,4,EN_HW_4,HWY 138,34.32487,-117.42191,CA,1125,NA,? Green leaves,-64.4560669,-3.532915004,-7.601030049,24.65327345,2.495288241,green,-48.10273751,10.23667481
HW,5,EN_HW_5,HWY 138,34.32487,-117.42191,CA,1125,NA,? Green leaves,22.57682058,68.40128066,-4.332863138,8.966772968,19.3662111,hybrid,-48.10273751,10.23667481
IH,1,EN_IH_1,ID3,42.93847,-115.0745,ID,936,NA,? Varied color,-79.00588349,-21.11834145,-51.02684358,35.93189883,-4.238494061,green,-79.81138214,-20.12401255
IH,2,EN_IH_2,ID3,42.93847,-115.0745,ID,936,NA,? Varied color,-79.49896393,-21.88021858,-50.02646372,36.3878192,-3.112570833,green,-79.81138214,-20.12401255
IH,3,EN_IH_3,ID3,42.93847,-115.0745,ID,936,NA,? Varied color,-79.10219505,-19.32053372,-41.65907032,28.65204267,-3.955709528,green,-79.81138214,-20.12401255
IH,4,EN_IH_4,ID3,42.93847,-115.0745,ID,936,NA,? Varied color,-81.93741602,-17.79939788,-31.83176434,26.09397225,-2.14536734,green,-79.81138214,-20.12401255
IH,5,EN_IH_5,ID3,42.93847,-115.0745,ID,936,NA,? Varied color,-79.51245223,-20.50157114,-44.72019518,34.16141167,-2.27619409,green,-79.81138214,-20.12401255
IO,1,EN_IO_1,ID1,46.47515,-116.76927,ID,242,NA,?,0.650667247,-16.81493321,15.6312985,12.26146195,10.38993483,hybrid,1.055660934,-19.96522273
IO,2,EN_IO_2,ID1,46.47515,-116.76927,ID,242,NA,?,1.175534107,-21.64404728,20.2882734,16.16332668,13.1277536,hybrid,1.055660934,-19.96522273
IO,3,EN_IO_3,ID1,46.47515,-116.76927,ID,242,NA,?,0.894749649,-19.11169281,17.84922579,15.32857231,12.079487,hybrid,1.055660934,-19.96522273
IO,4,EN_IO_4,ID1,46.47515,-116.76927,ID,242,NA,?,1.106951127,-21.79968406,20.99555069,16.68131645,14.14965816,hybrid,1.055660934,-19.96522273
IO,5,EN_IO_5,ID1,46.47515,-116.76927,ID,242,NA,?,1.450402538,-20.45575627,20.42779901,16.03456539,13.79094159,hybrid,1.055660934,-19.96522273
IT,1,EN_IT_1,ID2,43.85619,-116.22017,ID,1120,NA,?,25.82906856,27.91899583,-8.284669192,10.98428152,-21.51224945,hybrid,25.7364976,24.51763984
IT,2,EN_IT_2,ID2,43.85619,-116.22017,ID,1120,NA,?,26.15817336,23.57128106,-5.024319945,9.11922743,-15.40055709,hybrid,25.7364976,24.51763984
IT,3,EN_IT_3,ID2,43.85619,-116.22017,ID,1120,NA,?,27.08226727,19.00526009,-4.992367559,7.16533858,-13.90403458,hybrid,25.7364976,24.51763984
IT,4,EN_IT_4,ID2,43.85619,-116.22017,ID,1120,NA,?,26.67843138,27.4557928,-6.596306383,10.82243851,-22.28450407,hybrid,25.7364976,24.51763984
IT,5,EN_IT_5,ID2,43.85619,-116.22017,ID,1120,NA,?,22.93454741,24.63686942,-7.998899859,11.57056914,-20.86119678,hybrid,25.7364976,24.51763984
JC,10,EN_JC_10,Jones Canyon,40.85155,-119.56711,NV,1443,NA,hololueca,66.55073108,-2.795308242,-0.789865038,-5.838929664,-18.66421561,grey,66.24262295,-4.443123944
JC,11,EN_JC_11,Jones Canyon,40.85155,-119.56711,NV,1443,NA,hololueca,68.87257706,-11.51740844,1.533114935,-9.097731976,-19.36715468,grey,66.24262295,-4.443123944
JC,12,EN_JC_12,Jones Canyon,40.85155,-119.56711,NV,1443,NA,hololueca,66.0787797,-3.969277911,-0.985628847,-7.466974736,-21.24652025,grey,66.24262295,-4.443123944
JC,13,EN_JC_13,Jones Canyon,40.85155,-119.56711,NV,1443,NA,hololueca,65.56165925,-2.649227686,-0.093446587,-5.390583211,-21.80108348,grey,66.24262295,-4.443123944
JC,14,EN_JC_14,Jones Canyon,40.85155,-119.56711,NV,1443,NA,hololueca,65.36601758,-5.672779044,-0.317475256,-7.045645574,-19.16559031,grey,66.24262295,-4.443123944
JC,15,EN_JC_15,Jones Canyon,40.85155,-119.56711,NV,1443,NA,hololueca,63.88201749,0.271643106,-0.130516128,-5.28601867,-13.14306299,grey,66.24262295,-4.443123944
JC,1,EN_JC_1,Jones Canyon,40.85155,-119.56711,NV,1443,NA,hololueca,68.04012424,-3.826447901,1.764297825,-8.259633552,-17.73655904,grey,66.24262295,-4.443123944
JC,2,EN_JC_2,Jones Canyon,40.85155,-119.56711,NV,1443,NA,hololueca,67.29506092,-10.88153229,1.474189905,-9.083375709,-10.46301123,grey,66.24262295,-4.443123944
JC,3,EN_JC_3,Jones Canyon,40.85155,-119.56711,NV,1443,NA,hololueca,64.89972445,-5.779849757,-1.179687936,-6.432085599,-18.75192252,grey,66.24262295,-4.443123944
JC,4,EN_JC_4,Jones Canyon,40.85155,-119.56711,NV,1443,NA,hololueca,64.89900055,-0.37334108,-1.834747769,-5.316196756,-22.59852928,grey,66.24262295,-4.443123944
JC,5,EN_JC_5,Jones Canyon,40.85155,-119.56711,NV,1443,NA,hololueca,65.60447955,-4.084385445,0.267925076,-6.027769401,-19.97190417,grey,66.24262295,-4.443123944
JC,6,EN_JC_6,Jones Canyon,40.85155,-119.56711,NV,1443,NA,hololueca,67.15886039,-5.066165169,-0.071324616,-6.66184065,-20.31870872,grey,66.24262295,-4.443123944
JC,7,EN_JC_7,Jones Canyon,40.85155,-119.56711,NV,1443,NA,hololueca,67.57951493,-6.446724984,-1.172382879,-6.458481968,-23.03195564,grey,66.24262295,-4.443123944
JC,8,EN_JC_8,Jones Canyon,40.85155,-119.56711,NV,1443,NA,hololueca,67.32461201,-4.134888442,2.058193157,-6.37166721,-21.76787662,grey,66.24262295,-4.443123944
JC,9,EN_JC_9,Jones Canyon,40.85155,-119.56711,NV,1443,NA,hololueca,64.52618506,0.278834132,-1.837917592,-5.327824586,-23.33028022,grey,66.24262295,-4.443123944
JO,2,EN_JO_2,Juncea1,36.9954,-111.5949,UT,1249,NA,juncea,-65.72526033,4.368303061,47.75254836,23.45532641,1.700470406,hybrid,-63.83030489,4.43267719
JO,3,EN_JO_3,Juncea1,36.9954,-111.5949,UT,1249,NA,juncea,-60.11622503,5.461276413,51.19375927,29.43422117,1.639681676,hybrid,-63.83030489,4.43267719
JO,4,EN_JO_4,Juncea1,36.9954,-111.5949,UT,1249,NA,juncea,-62.56432083,4.80776912,53.51465578,30.40642237,1.62163143,hybrid,-63.83030489,4.43267719
JO,5,EN_JO_5,Juncea1,36.9954,-111.5949,UT,1249,NA,juncea,-65.65986944,5.215108743,53.08418655,28.74032012,0.450047492,hybrid,-63.83030489,4.43267719
JO,6,EN_JO_6,Juncea1,36.9954,-111.5949,UT,1249,NA,juncea,-65.08584883,2.310928614,40.18995322,24.60378991,0.431214559,hybrid,-63.83030489,4.43267719
JT,1,EN_JT_1,Juncea2,35.90452,-111.54766,AZ,1504,NA,juncea,-67.97167546,1.835943226,37.74696325,21.43915775,-0.560534956,hybrid,-63.29291732,4.437068062
JT,2,EN_JT_2,Juncea2,35.90452,-111.54766,AZ,1504,NA,juncea,-63.88091497,2.868547708,42.26568112,25.94679986,0.278879974,hybrid,-63.29291732,4.437068062
JT,3,EN_JT_3,Juncea2,35.90452,-111.54766,AZ,1504,NA,juncea,-60.97394687,6.094732527,52.86458001,30.97483449,0.487474448,hybrid,-63.29291732,4.437068062
JT,4,EN_JT_4,Juncea2,35.90452,-111.54766,AZ,1504,NA,juncea,-62.15228121,4.693442505,52.24581339,28.48619604,1.38853318,hybrid,-63.29291732,4.437068062
JT,5,EN_JT_5,Juncea2,35.90452,-111.54766,AZ,1504,NA,juncea,-62.19842952,5.489076232,54.90801666,31.70553862,1.334532107,hybrid,-63.29291732,4.437068062
JT,6,EN_JT_6,Juncea2,35.90452,-111.54766,AZ,1504,NA,juncea,-62.58025588,5.640666172,50.63066993,29.05709648,0.751803879,hybrid,-63.29291732,4.437068062
LA,1,EN_LA_1,latisquamea,35.20589,-106.49663,NM,1906,NA,latisquamea,-4.390938316,80.27642854,1.746303258,-5.020524676,78.57228951,hybrid,-3.465026195,72.3303057
LA,2,EN_LA_2,latisquamea,35.20589,-106.49663,NM,1906,NA,latisquamea,-2.260832553,65.47335891,0.714993544,-4.679731588,62.34276557,hybrid,-3.465026195,72.3303057
LA,3,EN_LA_3,latisquamea,35.20589,-106.49663,NM,1906,NA,latisquamea,-6.062994057,60.66616304,2.508691195,-4.696845436,60.76544748,hybrid,-3.465026195,72.3303057
LA,4,EN_LA_4,latisquamea,35.20589,-106.49663,NM,1906,NA,latisquamea,-1.464913887,60.49766531,0.898134011,-3.668332177,56.77241722,hybrid,-3.465026195,72.3303057
LA,5,EN_LA_5,latisquamea,35.20589,-106.49663,NM,1906,NA,latisquamea,-3.168668131,86.17941955,-0.064957304,-5.775918383,82.28524215,hybrid,-3.465026195,72.3303057
LA,6,EN_LA_6,latisquamea,35.20589,-106.49663,NM,1906,NA,latisquamea,-3.441810229,80.88879888,0.786048067,-4.87157834,77.64250206,hybrid,-3.465026195,72.3303057
LO,1,EN_LO_1,bigelovii1,35.03251,-110.6452,AZ,1487,NA,bigelovii,-84.29263421,0.672301144,152.5209322,80.81239662,-10.69528142,green,-86.53344013,-1.257867859
LO,2,EN_LO_2,bigelovii1,35.03251,-110.6452,AZ,1487,NA,bigelovii,-86.39245466,0.665060443,151.8034716,79.63343248,-10.03708541,green,-86.53344013,-1.257867859
LO,3,EN_LO_3,bigelovii1,35.03251,-110.6452,AZ,1487,NA,bigelovii,-85.48427666,-0.887157159,150.3839305,81.26737635,-9.749117525,green,-86.53344013,-1.257867859
LO,4,EN_LO_4,bigelovii1,35.03251,-110.6452,AZ,1487,NA,bigelovii,-87.70583136,-3.928206903,96.43735787,53.72306381,-6.838163644,green,-86.53344013,-1.257867859
LO,5,EN_LO_5,bigelovii1,35.03251,-110.6452,AZ,1487,NA,bigelovii,-88.79200377,-2.811336823,90.57394178,50.79176322,-5.824291062,green,-86.53344013,-1.257867859
LR,1,EN_LR_1,lake road,42.10784,-119.74091,OR,1467,NA,hololueca,64.75653666,-42.58264182,4.399103264,-10.00826124,7.820360182,grey,63.73455818,-38.95445721
LR,2,EN_LR_2,lake road,42.10784,-119.74091,OR,1467,NA,hololueca,61.34313227,-35.1842571,1.080720777,-8.789490408,6.507118313,grey,63.73455818,-38.95445721
LR,3,EN_LR_3,lake road,42.10784,-119.74091,OR,1467,NA,hololueca,64.99810359,-49.22410441,5.933901189,-10.55662754,12.74314845,grey,63.73455818,-38.95445721
LR,4,EN_LR_4,lake road,42.10784,-119.74091,OR,1467,NA,hololueca,68.07928911,-46.36217292,3.854268702,-11.57678768,10.32556218,grey,63.73455818,-38.95445721
LR,5,EN_LR_5,lake road,42.10784,-119.74091,OR,1467,NA,hololueca,62.98870819,-45.7727568,4.312693703,-10.22033623,9.051048541,grey,63.73455818,-38.95445721
LR,6,EN_LR_6,lake road,42.10784,-119.74091,OR,1467,NA,hololueca,61.61419174,-30.90265666,2.685066905,-7.952776786,6.858778977,grey,63.73455818,-38.95445721
LR,7,EN_LR_7,lake road,42.10784,-119.74091,OR,1467,NA,hololueca,62.3619457,-22.65261078,2.454626599,-8.064932329,6.257671097,grey,63.73455818,-38.95445721
LT,3,EN_LT_3,bigelovii2,34.99441,-107.30143,NM,815,NA,bigelovii,-88.37399041,-3.905771412,78.9219177,46.14560756,-5.197248135,green,-84.88076695,-1.4366238
LT,4,EN_LT_4,bigelovii2,34.99441,-107.30143,NM,815,NA,bigelovii,-82.16158007,-0.216241774,141.7132086,75.6187936,-8.08049577,green,-84.88076695,-1.4366238
LT,5,EN_LT_5,bigelovii2,34.99441,-107.30143,NM,815,NA,bigelovii,-85.47913339,-0.514131859,134.2051239,72.84543424,-7.196428789,green,-84.88076695,-1.4366238
LT,6,EN_LT_6,bigelovii2,34.99441,-107.30143,NM,815,NA,bigelovii,-83.50836391,-1.110350153,141.2820494,75.85422305,-8.853401735,green,-84.88076695,-1.4366238
LV,16,EN_LV_16,Long Valley,39.625991,-120.010468,CA,1668,NA,hololueca,11.35816434,-60.65306448,-26.27640162,11.16040795,8.021387147,hybrid,69.40809262,-62.89872406
LV,17,EN_LV_17,Long Valley,39.625991,-120.010468,CA,1668,NA,hololueca,85.22266452,-70.17003902,16.60826955,-24.78613003,12.0549802,grey,69.40809262,-62.89872406
LV,18,EN_LV_18,Long Valley,39.625991,-120.010468,CA,1668,NA,hololueca,84.57452837,-71.77667369,16.51419296,-25.13373679,14.48522814,grey,69.40809262,-62.89872406
LV,19,EN_LV_19,Long Valley,39.625991,-120.010468,CA,1668,NA,hololueca,84.83503874,-65.83787959,15.511806,-24.3401944,10.51080426,grey,69.40809262,-62.89872406
LV,20,EN_LV_20,Long Valley,39.625991,-120.010468,CA,1668,NA,hololueca,89.08433563,-77.92328561,16.40843534,-27.93489125,14.67710622,grey,69.40809262,-62.89872406
LV,21,EN_LV_21,Long Valley,39.625991,-120.010468,CA,1668,NA,hololueca,80.71138237,-58.39298136,13.80289,-20.81685306,11.69183301,grey,69.40809262,-62.89872406
LV,22,EN_LV_22,Long Valley,39.625991,-120.010468,CA,1668,NA,hololueca,78.9178739,-39.05905961,7.395357257,-16.98290624,-6.47892703,grey,69.40809262,-62.89872406
LV,23,EN_LV_23,Long Valley,39.625991,-120.010468,CA,1668,NA,hololueca,84.78819749,-64.55815879,14.55927491,-21.14582993,11.79106261,grey,69.40809262,-62.89872406
LV,24,EN_LV_24,Long Valley,39.625991,-120.010468,CA,1668,NA,hololueca,85.54944642,-72.15502674,18.46801108,-24.45279261,14.50437028,grey,69.40809262,-62.89872406
LV,25,EN_LV_25,Long Valley,39.625991,-120.010468,CA,1668,NA,hololueca,84.82089055,-70.06840905,16.99647005,-23.8840662,13.74940686,grey,69.40809262,-62.89872406
LV,26,EN_LV_26,Long Valley,39.625991,-120.010468,CA,1668,NA,hololueca,12.3822079,-40.43370455,-16.67718117,6.682712694,4.078697686,hybrid,69.40809262,-62.89872406
LV,27,EN_LV_27,Long Valley,39.625991,-120.010468,CA,1668,NA,hololueca,12.24530169,-56.86510263,-25.89324299,10.48269032,6.130535289,hybrid,69.40809262,-62.89872406
LV,28,EN_LV_28,Long Valley,39.625991,-120.010468,CA,1668,NA,hololueca,81.1819557,-64.91502686,15.41408278,-22.64512019,12.62535584,grey,69.40809262,-62.89872406
LV,29,EN_LV_29,Long Valley,39.625991,-120.010468,CA,1668,NA,hololueca,79.54018863,-55.3763142,13.58044921,-20.4038935,10.34431784,grey,69.40809262,-62.89872406
LV,30,EN_LV_30,Long Valley,39.625991,-120.010468,CA,1668,NA,hololueca,85.90921312,-75.29613479,16.45901942,-24.76302892,16.27762088,grey,69.40809262,-62.89872406
MC,1,EN_MC_1,Muddy Creek Rd,45.9991,-110.833,MT,1660,NA,? Gray/green leaves,-75.67546984,-17.55767477,-38.53109508,31.04405039,-1.390640777,green,-77.12204295,-16.91473342
MC,2,EN_MC_2,Muddy Creek Rd,45.9991,-110.833,MT,1660,NA,? Gray/green leaves,-76.08616888,-17.61860978,-38.8661745,30.46376635,-1.69128713,green,-77.12204295,-16.91473342
MC,3,EN_MC_3,Muddy Creek Rd,45.9991,-110.833,MT,1660,NA,? Gray/green leaves,-78.03108546,-16.69736146,-29.74049407,27.8642377,-1.192817703,green,-77.12204295,-16.91473342
MC,4,EN_MC_4,Muddy Creek Rd,45.9991,-110.833,MT,1660,NA,? Gray/green leaves,-76.98545223,-15.67171814,-28.38244526,22.98770699,-2.314813678,green,-77.12204295,-16.91473342
MC,5,EN_MC_5,Muddy Creek Rd,45.9991,-110.833,MT,1660,NA,? Gray/green leaves,-77.11786292,-16.2356998,-33.86761827,27.16664519,-1.174316076,green,-77.12204295,-16.91473342
MC,6,EN_MC_6,Muddy Creek Rd,45.9991,-110.833,MT,1660,NA,? Gray/green leaves,-75.14001173,-18.78246607,-38.60728819,33.07158294,0.51911655,green,-77.12204295,-16.91473342
MC,7,EN_MC_7,Muddy Creek Rd,45.9991,-110.833,MT,1660,NA,? Gray/green leaves,-80.8182496,-15.83960392,-27.59124432,24.92878335,-0.180599358,green,-77.12204295,-16.91473342
MD,10,EN_MD_10,Modoc,41.41059,-120.54402,CA,1333,NA,hololueca,69.63268175,-64.29341562,7.085782626,-14.8117975,21.62698915,grey,68.05831204,-67.74382116
MD,11,EN_MD_11,Modoc,41.41059,-120.54402,CA,1333,NA,hololueca,67.01588549,-68.02932235,7.868394093,-13.62290424,25.56786553,grey,68.05831204,-67.74382116
MD,12,EN_MD_12,Modoc,41.41059,-120.54402,CA,1333,NA,hololueca,66.86065511,-70.16333345,6.403606698,-12.67726751,25.27316828,grey,68.05831204,-67.74382116
MD,13,EN_MD_13,Modoc,41.41059,-120.54402,CA,1333,NA,hololueca,69.32389338,-67.23426094,6.735613555,-13.72620055,23.61450007,grey,68.05831204,-67.74382116
MD,14,EN_MD_14,Modoc,41.41059,-120.54402,CA,1333,NA,hololueca,71.04846608,-75.39029241,7.089218251,-14.84666461,26.98641875,grey,68.05831204,-67.74382116
MD,15,EN_MD_15,Modoc,41.41059,-120.54402,CA,1333,NA,hololueca,68.30881563,-71.80909762,6.039443403,-13.98343339,25.45165678,grey,68.05831204,-67.74382116
MD,1,EN_MD_1,Modoc,41.41059,-120.54402,CA,1333,NA,hololueca,69.53844012,-70.7920357,6.746846008,-13.46330875,25.51411511,grey,68.05831204,-67.74382116
MD,2,EN_MD_2,Modoc,41.41059,-120.54402,CA,1333,NA,hololueca,66.84800097,-59.19665796,7.232695138,-12.34953354,20.37871124,grey,68.05831204,-67.74382116
MD,3,EN_MD_3,Modoc,41.41059,-120.54402,CA,1333,NA,hololueca,65.46986015,-59.9851962,5.631770561,-11.99931531,19.83870839,grey,68.05831204,-67.74382116
MD,4,EN_MD_4,Modoc,41.41059,-120.54402,CA,1333,NA,hololueca,69.0824841,-70.52099753,5.773991236,-14.87463481,23.26233311,grey,68.05831204,-67.74382116
MD,5,EN_MD_5,Modoc,41.41059,-120.54402,CA,1333,NA,hololueca,64.4165015,-70.24491805,5.651091589,-11.14851784,23.54853711,grey,68.05831204,-67.74382116
MD,6,EN_MD_6,Modoc,41.41059,-120.54402,CA,1333,NA,hololueca,69.14837974,-67.0129372,7.080986676,-12.84989608,22.31373665,grey,68.05831204,-67.74382116
MD,7,EN_MD_7,Modoc,41.41059,-120.54402,CA,1333,NA,hololueca,67.5235252,-69.31237484,4.524492597,-11.68250408,23.94497057,grey,68.05831204,-67.74382116
MD,8,EN_MD_8,Modoc,41.41059,-120.54402,CA,1333,NA,hololueca,68.93494435,-67.03151502,8.015782838,-12.63527064,25.30243217,grey,68.05831204,-67.74382116
MD,9,EN_MD_9,Modoc,41.41059,-120.54402,CA,1333,NA,hololueca,67.72214705,-65.14096252,5.988710626,-13.12343707,22.27900737,grey,68.05831204,-67.74382116
MR,3,EN_MR_3,Blacks Ford/Madison River,45.99906,-110.83305,MT,1663,NA,? Green leaves,-73.9710088,-17.53511383,-38.20139274,30.28934675,-0.202962573,green,-77.24337754,-15.14350289
MR,5,EN_MR_5,Blacks Ford/Madison River,45.99906,-110.83305,MT,1663,NA,? Green leaves,-80.51574629,-12.75189195,-20.53531559,20.2384249,-1.783310701,green,-77.24337754,-15.14350289
NH,2,EN_NH_2,NV3,38.02388,-117.86911,NV,1440,NA,mohavensis,-43.1004027,3.971156682,14.15069755,20.82672083,-0.992169761,hybrid,-46.87770909,2.366472638
NH,3,EN_NH_3,NV3,38.02388,-117.86911,NV,1440,NA,mohavensis,-50.86443248,0.323819258,8.099508996,15.78175476,-1.493604593,hybrid,-46.87770909,2.366472638
NH,4,EN_NH_4,NV3,38.02388,-117.86911,NV,1440,NA,mohavensis,-44.2675241,1.529432709,10.53625843,16.74372453,-2.025030295,hybrid,-46.87770909,2.366472638
NH,5,EN_NH_5,NV3,38.02388,-117.86911,NV,1440,NA,mohavensis,-51.57482887,0.406271761,6.397787167,13.74378283,-0.523478425,hybrid,-46.87770909,2.366472638
NH,6,EN_NH_6,NV3,38.02388,-117.86911,NV,1440,NA,mohavensis,-44.58135729,5.601682783,19.59756391,25.27848249,-1.283337967,hybrid,-46.87770909,2.366472638
NI,1,EN_NI_1,Nitida1,35.95807,-111.76713,AZ,1935,NA,? Nitida or turbinata,-124.9948615,6.2187317,21.9773155,-98.87314604,-9.881751214,green,-123.5211124,5.294299566
NI,2,EN_NI_2,Nitida1,35.95807,-111.76713,AZ,1935,NA,? Nitida or turbinata,-111.6045176,-0.05705562,13.65948858,-49.53053802,-5.282134294,green,-123.5211124,5.294299566
NI,3,EN_NI_3,Nitida1,35.95807,-111.76713,AZ,1935,NA,? Nitida or turbinata,-128.6067258,7.395774025,24.75273756,-104.7381223,-9.581302657,green,-123.5211124,5.294299566
NI,4,EN_NI_4,Nitida1,35.95807,-111.76713,AZ,1935,NA,? Nitida or turbinata,-124.7994553,5.236223309,23.59118093,-91.85143509,-9.107362475,green,-123.5211124,5.294299566
NI,5,EN_NI_5,Nitida1,35.95807,-111.76713,AZ,1935,NA,? Nitida or turbinata,-124.6490586,6.115841943,23.48505243,-94.4578333,-8.54135865,green,-123.5211124,5.294299566
NI,6,EN_NI_6,Nitida1,35.95807,-111.76713,AZ,1935,NA,? Nitida or turbinata,-126.4720555,6.856282043,25.42983295,-99.32043505,-9.387880705,green,-123.5211124,5.294299566
NN,1,EN_NN_1,80-highway,41.07343,-115.29237,NV,1633,NA,"oreophila/? Gray leaves/leiosperma/bigelovii introgression?	",-92.19568122,-20.56977397,-43.82076464,31.88181116,-6.069247922,green,-39.2043751,7.761293226
NN,2,EN_NN_2,80-highway,41.07343,-115.29237,NV,1633,NA,"oreophila/? Gray leaves/leiosperma/bigelovii introgression?	",-93.99586986,-20.61546247,-43.6041618,31.77956503,-4.689151932,green,-39.2043751,7.761293226
NN,3,EN_NN_3,80-highway,41.07343,-115.29237,NV,1633,NA,"oreophila/? Gray leaves/leiosperma/bigelovii introgression?	",-93.22680819,-22.6272947,-51.23457246,36.07703504,-4.166580976,green,-39.2043751,7.761293226
NN,4,EN_NN_4,80-highway,41.07343,-115.29237,NV,1633,NA,"oreophila/? Gray leaves/leiosperma/bigelovii introgression?	",-94.15155774,-17.24818083,-32.64786354,26.37122726,-2.953224154,green,-39.2043751,7.761293226
NN,5,EN_NN_5,80-highway,41.07343,-115.29237,NV,1633,NA,"oreophila/? Gray leaves/leiosperma/bigelovii introgression?	",-95.16730031,-22.78116173,-50.65886374,35.66583646,-4.421656799,green,-39.2043751,7.761293226
NN,6,EN_NN_6,80-highway,41.07343,-115.29237,NV,1633,NA,"oreophila/? Gray leaves/leiosperma/bigelovii introgression?	",52.55051054,61.74770897,-9.655426285,4.752276788,-50.77383897,grey,-39.2043751,7.761293226
NN,7,EN_NN_7,80-highway,41.07343,-115.29237,NV,1633,NA,"oreophila/? Gray leaves/leiosperma/bigelovii introgression?	",50.13199689,64.04822074,-11.15904541,6.875742035,-49.7487669,grey,-39.2043751,7.761293226
NN,8,EN_NN_8,80-highway,41.07343,-115.29237,NV,1633,NA,"oreophila/? Gray leaves/leiosperma/bigelovii introgression?	",52.41970911,40.13628979,-5.808337917,1.639205177,-28.21046639,grey,-39.2043751,7.761293226
NO,1,EN_NO_1,NV1,39.22624,-114.90315,NV,2035,NA,speciosa,24.37511568,71.5506416,-8.240772699,4.112554544,40.40375608,hybrid,12.76644699,72.05830991
NO,2,EN_NO_2,NV1,39.22624,-114.90315,NV,2035,NA,speciosa,26.55227858,81.28238394,-9.240278951,3.836743687,48.62805518,hybrid,12.76644699,72.05830991
NO,3,EN_NO_3,NV1,39.22624,-114.90315,NV,2035,NA,speciosa,20.25825053,76.51229217,-6.746647037,2.349721104,47.09806785,hybrid,12.76644699,72.05830991
NO,4,EN_NO_4,NV1,39.22624,-114.90315,NV,2035,NA,speciosa,-27.83428603,37.66177048,-18.71427933,7.434920256,28.09914483,hybrid,12.76644699,72.05830991
NO,5,EN_NO_5,NV1,39.22624,-114.90315,NV,2035,NA,speciosa,20.48087621,93.28446136,-10.34096024,4.334272043,57.42285484,hybrid,12.76644699,72.05830991
NT,1,EN_NT_1,NV2,38.1679,-116.43906,NV,1910,NA,speciosa,26.51311587,76.50383378,-6.59147989,4.337708425,41.01469586,hybrid,25.91050872,88.54198841
NT,2,EN_NT_2,NV2,38.1679,-116.43906,NV,1910,NA,speciosa,25.52502191,92.52085236,-10.16026419,6.112570226,49.22384541,hybrid,25.91050872,88.54198841
NT,3,EN_NT_3,NV2,38.1679,-116.43906,NV,1910,NA,speciosa,26.35388317,91.48593417,-10.60778203,5.169715674,49.1534727,hybrid,25.91050872,88.54198841
NT,4,EN_NT_4,NV2,38.1679,-116.43906,NV,1910,NA,speciosa,25.14401259,89.05421434,-10.39998599,5.795968993,41.98451631,hybrid,25.91050872,88.54198841
NT,5,EN_NT_5,NV2,38.1679,-116.43906,NV,1910,NA,speciosa,26.01651005,93.14510742,-10.6600054,5.473347877,48.18146828,hybrid,25.91050872,88.54198841
NV,1,EN_NV_1,NVII-2,40.59495,-116.17294,NV,1476,NA,oreophila,53.92684827,45.48449447,-5.420343104,2.48953732,-32.16725169,grey,3.987751057,24.06001569
NV,2,EN_NV_2,NVII-2,40.59495,-116.17294,NV,1476,NA,oreophila,-94.21446443,-20.33677584,-44.19281743,31.14621554,-5.473808942,green,3.987751057,24.06001569
NV,3,EN_NV_3,NVII-2,40.59495,-116.17294,NV,1476,NA,oreophila,-92.94522135,-28.26783024,-73.37697762,46.23878012,-6.9676041,green,3.987751057,24.06001569
NV,4,EN_NV_4,NVII-2,40.59495,-116.17294,NV,1476,NA,oreophila,51.39494184,48.8566144,-7.717732897,3.75760718,-38.69190596,grey,3.987751057,24.06001569
NV,5,EN_NV_5,NVII-2,40.59495,-116.17294,NV,1476,NA,oreophila,55.38266854,32.40750173,-4.136008897,0.59159114,-23.56149822,grey,3.987751057,24.06001569
NV,6,EN_NV_6,NVII-2,40.59495,-116.17294,NV,1476,NA,oreophila,50.38173346,66.21608962,-10.4143049,5.651979505,-52.39013119,grey,3.987751057,24.06001569
OO,1,EN_OO_1,not bud 1,38.57794,-112.33389,UT,1789,NA,hololueca,11.94914118,98.87547865,-11.36135052,0.458265948,81.56096375,hybrid,-3.688778806,77.55730049
OO,2,EN_OO_2,not bud 1,38.57794,-112.33389,UT,1789,NA,hololueca,11.12262926,100.1835424,-9.382974277,1.635503754,83.49955381,hybrid,-3.688778806,77.55730049
OO,3,EN_OO_3,not bud 1,38.57794,-112.33389,UT,1789,NA,hololueca,8.015630263,72.0976541,-6.981297963,1.051946222,60.81395601,hybrid,-3.688778806,77.55730049
OO,4,EN_OO_4,not bud 1,38.57794,-112.33389,UT,1789,NA,hololueca,7.225854432,100.9075077,-9.703329376,0.772707673,85.04942075,hybrid,-3.688778806,77.55730049
OO,5,EN_OO_5,not bud 1,38.57794,-112.33389,UT,1789,NA,hololueca,-52.56899916,42.15712738,-18.23110341,-15.40639484,37.05131766,hybrid,-3.688778806,77.55730049
OO,6,EN_OO_6,not bud 1,38.57794,-112.33389,UT,1789,NA,hololueca,-7.876928809,51.12249266,-7.75725697,-0.488593965,43.00288131,hybrid,-3.688778806,77.55730049
OT,1,EN_OT_1,not bud 2,38.71723,-112.3746,UT,1914,NA,salicifolia,-85.78440228,9.202255904,-17.41242343,-16.40307211,10.77536606,hybrid,-83.34883155,9.97292013
OT,3,EN_OT_3,not bud 2,38.71723,-112.3746,UT,1914,NA,salicifolia,-81.8986447,18.540231,-16.70136415,-21.52548846,18.2788855,hybrid,-83.34883155,9.97292013
OT,4,EN_OT_4,not bud 2,38.71723,-112.3746,UT,1914,NA,salicifolia,-82.36344768,2.176273491,-6.408446885,-5.308702929,4.370444055,green,-83.34883155,9.97292013
PB,1,EN_PB_1,10-2 paintbrush,43.93003,-121.10583,OR,1200,NA,salicifolia,55.63475283,-40.8613478,7.886220245,-6.776518998,18.60388732,grey,57.96450424,-53.12295579
PB,2,EN_PB_2,10-2 paintbrush,43.93003,-121.10583,OR,1200,NA,salicifolia,58.16453337,-55.49003189,9.67884574,-8.430605477,26.20384909,grey,57.96450424,-53.12295579
PB,3,EN_PB_3,10-2 paintbrush,43.93003,-121.10583,OR,1200,NA,salicifolia,57.48663047,-50.06774345,10.13212597,-7.857769969,23.42507448,grey,57.96450424,-53.12295579
PB,4,EN_PB_4,10-2 paintbrush,43.93003,-121.10583,OR,1200,NA,salicifolia,58.5987712,-56.75659288,9.57357829,-8.913362182,26.35247323,grey,57.96450424,-53.12295579
PB,5,EN_PB_5,10-2 paintbrush,43.93003,-121.10583,OR,1200,NA,salicifolia,60.36076379,-63.37147894,11.25574569,-10.1012581,26.82941679,grey,57.96450424,-53.12295579
PB,6,EN_PB_6,10-2 paintbrush,43.93003,-121.10583,OR,1200,NA,salicifolia,57.5415738,-52.19053978,9.651563992,-7.879885567,24.05622993,grey,57.96450424,-53.12295579
PL,16,EN_PL_16,Peavine Low 2,39.6065,-119.8993,NV,1724,NA,hololueca,71.19096031,-29.57836824,7.8227232,-13.1532436,3.346739501,grey,78.6123126,-50.01885763
PL,17,EN_PL_17,Peavine Low 2,39.6065,-119.8993,NV,1724,NA,hololueca,78.92419699,-49.48684819,11.33448172,-18.9701251,1.612527704,grey,78.6123126,-50.01885763
PL,18,EN_PL_18,Peavine Low 2,39.6065,-119.8993,NV,1724,NA,hololueca,79.39966428,-49.79219529,10.79770582,-20.24602402,4.393696881,grey,78.6123126,-50.01885763
PL,1,EN_PL_1,Peavine Low 2,39.6065,-119.8993,NV,1724,NA,hololueca,80.13923805,-55.77114822,12.54959186,-20.40488009,8.519760119,grey,78.6123126,-50.01885763
PL,20,EN_PL_20,Peavine Low 2,39.6065,-119.8993,NV,1724,NA,hololueca,75.7078776,-37.35127964,8.614914266,-15.92632083,-2.620135161,grey,78.6123126,-50.01885763
PL,21,EN_PL_21,Peavine Low 2,39.6065,-119.8993,NV,1724,NA,hololueca,74.36417665,-41.98792819,9.414299026,-15.97340149,1.004530594,grey,78.6123126,-50.01885763
PL,22,EN_PL_22,Peavine Low 2,39.6065,-119.8993,NV,1724,NA,hololueca,81.40568237,-56.29400108,13.32387142,-22.40542001,7.148764556,grey,78.6123126,-50.01885763
PL,23,EN_PL_23,Peavine Low 2,39.6065,-119.8993,NV,1724,NA,hololueca,80.19930398,-51.36098236,11.83443146,-18.83541651,6.263774811,grey,78.6123126,-50.01885763
PL,24,EN_PL_24,Peavine Low 2,39.6065,-119.8993,NV,1724,NA,hololueca,81.92703032,-57.69416449,12.39133016,-19.56734113,6.540922055,grey,78.6123126,-50.01885763
PL,25,EN_PL_25,Peavine Low 2,39.6065,-119.8993,NV,1724,NA,hololueca,76.97855836,-42.66578963,8.547425778,-17.57515181,-2.198487235,grey,78.6123126,-50.01885763
PL,26,EN_PL_26,Peavine Low 2,39.6065,-119.8993,NV,1724,NA,hololueca,81.77651704,-59.7645984,12.37541528,-22.06341943,7.920762029,grey,78.6123126,-50.01885763
PL,27,EN_PL_27,Peavine Low 2,39.6065,-119.8993,NV,1724,NA,hololueca,78.5535583,-55.24092384,12.99668046,-19.47952019,7.489548525,grey,78.6123126,-50.01885763
PL,3,EN_PL_3,Peavine Low 2,39.6065,-119.8993,NV,1724,NA,hololueca,82.17531868,-58.91584112,13.32881584,-20.0077319,7.338609855,grey,78.6123126,-50.01885763
PL,5,EN_PL_5,Peavine Low 2,39.6065,-119.8993,NV,1724,NA,hololueca,77.83029343,-54.35993819,11.21073966,-19.7562352,6.00682159,grey,78.6123126,-50.01885763
PT,10,EN_PT_10,Patagonia,39.5048,-119.9022,NV,1421,NA,hololueca,-7.742578227,-11.30565793,32.6013879,19.54050372,6.496979707,hybrid,32.97834672,-17.16192739
PT,12,EN_PT_12,Patagonia,39.5048,-119.9022,NV,1421,NA,hololueca,-7.468955341,-9.114771849,33.01550502,21.27595595,5.028538581,hybrid,32.97834672,-17.16192739
PT,13,EN_PT_13,Patagonia,39.5048,-119.9022,NV,1421,NA,hololueca,-6.245364035,-10.55000755,37.72193139,23.26149972,4.888689398,hybrid,32.97834672,-17.16192739
PT,14,EN_PT_14,Patagonia,39.5048,-119.9022,NV,1421,NA,hololueca,-7.373004497,-8.710266725,32.92352107,20.59285361,5.218795857,hybrid,32.97834672,-17.16192739
PT,15,EN_PT_15,Patagonia,39.5048,-119.9022,NV,1421,NA,hololueca,72.69845477,-27.7193833,7.464173936,-13.63409171,-6.790713408,grey,32.97834672,-17.16192739
PT,1,EN_PT_1,Patagonia,39.5048,-119.9022,NV,1421,NA,hololueca,-6.949229724,-10.72528076,33.89346215,20.33355456,4.442807644,hybrid,32.97834672,-17.16192739
PT,2,EN_PT_2,Patagonia,39.5048,-119.9022,NV,1421,NA,hololueca,-7.913850289,-10.81541939,33.09056561,22.19933341,4.835242093,hybrid,32.97834672,-17.16192739
PT,3,EN_PT_3,Patagonia,39.5048,-119.9022,NV,1421,NA,hololueca,72.45330431,-25.54131569,6.112870935,-14.00879836,-11.73077905,grey,32.97834672,-17.16192739
PT,4,EN_PT_4,Patagonia,39.5048,-119.9022,NV,1421,NA,hololueca,71.71605851,-19.38340807,3.953496356,-10.23350895,-11.4834272,grey,32.97834672,-17.16192739
PT,5,EN_PT_5,Patagonia,39.5048,-119.9022,NV,1421,NA,hololueca,70.97927624,-15.13669039,4.639387379,-11.44452595,-14.58442548,grey,32.97834672,-17.16192739
PT,6,EN_PT_6,Patagonia,39.5048,-119.9022,NV,1421,NA,hololueca,75.90897906,-28.10938822,6.277940716,-12.99409431,-9.304467646,grey,32.97834672,-17.16192739
PT,7,EN_PT_7,Patagonia,39.5048,-119.9022,NV,1421,NA,hololueca,72.76824113,-26.35636252,6.589978399,-12.74394141,-8.152812539,grey,32.97834672,-17.16192739
PT,8,EN_PT_8,Patagonia,39.5048,-119.9022,NV,1421,NA,hololueca,74.35423953,-26.49225792,5.98105857,-14.03961648,-9.916398819,grey,32.97834672,-17.16192739
PT,9,EN_PT_9,Patagonia,39.5048,-119.9022,NV,1421,NA,hololueca,-5.488717297,-10.3067731,33.35673721,21.9248512,4.288604972,hybrid,32.97834672,-17.16192739
PW,13,EN_PW_13,Petrified Wash,38.5949,-118.11525,NV,1859,NA,hololueca,12.5656817,82.38543346,-7.416749091,2.345703631,67.73789285,hybrid,39.92986035,69.48463487
PW,14,EN_PW_14,Petrified Wash,38.5949,-118.11525,NV,1859,NA,hololueca,48.37182208,67.6765072,-11.9699177,5.07874507,-28.9652394,grey,39.92986035,69.48463487
PW,15,EN_PW_15,Petrified Wash,38.5949,-118.11525,NV,1859,NA,hololueca,32.16752997,79.47807676,-9.740399236,4.13207572,14.4775769,hybrid,39.92986035,69.48463487
PW,1,EN_PW_1,Petrified Wash,38.5949,-118.11525,NV,1859,NA,hololueca,45.94351326,70.10359802,-10.5895943,4.77001764,-27.41825064,grey,39.92986035,69.48463487
PW,2,EN_PW_2,Petrified Wash,38.5949,-118.11525,NV,1859,NA,hololueca,46.88985434,76.44794958,-11.07428665,6.303584662,-36.7988456,grey,39.92986035,69.48463487
PW,3,EN_PW_3,Petrified Wash,38.5949,-118.11525,NV,1859,NA,hololueca,46.33218641,74.99471559,-9.455248235,6.726693545,-35.15522705,grey,39.92986035,69.48463487
PW,4,EN_PW_4,Petrified Wash,38.5949,-118.11525,NV,1859,NA,hololueca,49.5655252,67.10278753,-9.894872508,4.232830253,-28.44932718,grey,39.92986035,69.48463487
PW,5,EN_PW_5,Petrified Wash,38.5949,-118.11525,NV,1859,NA,hololueca,48.19495836,66.80908043,-10.72082219,4.967897805,-29.98685511,grey,39.92986035,69.48463487
PW,7,EN_PW_7,Petrified Wash,38.5949,-118.11525,NV,1859,NA,hololueca,16.65632991,62.76084827,-6.213563153,-0.060568362,49.14776542,hybrid,39.92986035,69.48463487
PW,8,EN_PW_8,Petrified Wash,38.5949,-118.11525,NV,1859,NA,hololueca,46.63089618,38.21305843,-5.005178277,2.831276628,-15.07590779,grey,39.92986035,69.48463487
PW,9,EN_PW_9,Petrified Wash,38.5949,-118.11525,NV,1859,NA,hololueca,45.91016648,78.35892831,-11.15922484,7.162611929,-35.08934277,grey,39.92986035,69.48463487
RH,1,EN_RH_1,OR3,45.72944,-119.04667,OR,318,NA,speciosa,4.689589088,-21.81531687,21.82204691,16.41541101,13.86962932,hybrid,5.894266837,-21.69648176
RH,2,EN_RH_2,OR3,45.72944,-119.04667,OR,318,NA,speciosa,7.602516916,-22.82774659,22.07726943,15.58607862,12.07757522,hybrid,5.894266837,-21.69648176
RH,3,EN_RH_3,OR3,45.72944,-119.04667,OR,318,NA,speciosa,6.501143172,-20.16669998,19.49133529,14.93082272,11.28103945,hybrid,5.894266837,-21.69648176
RH,4,EN_RH_4,OR3,45.72944,-119.04667,OR,318,NA,speciosa,3.446480769,-23.89828708,23.08001196,18.04513797,14.10204552,hybrid,5.894266837,-21.69648176
RH,5,EN_RH_5,OR3,45.72944,-119.04667,OR,318,NA,speciosa,6.90420612,-23.21571898,20.28191828,15.9073883,12.75228034,hybrid,5.894266837,-21.69648176
RH,6,EN_RH_6,OR3,45.72944,-119.04667,OR,318,NA,speciosa,7.355040455,-18.71332026,18.08475931,12.09982183,9.224785729,hybrid,5.894266837,-21.69648176
RH,7,EN_RH_7,OR3,45.72944,-119.04667,OR,318,NA,speciosa,4.760891336,-21.23828258,21.40428474,17.14186052,12.77738789,hybrid,5.894266837,-21.69648176
RL,1,EN_RL_1,10-4 rollover,43.52944,-119.29861,OR,1390,NA,salicifolia,67.14145121,-66.29593029,11.12034412,-13.26363894,28.90967661,grey,62.97790411,-60.93164653
RL,2,EN_RL_2,10-4 rollover,43.52944,-119.29861,OR,1390,NA,salicifolia,63.13090189,-62.980368,8.817984017,-10.74727759,25.32647962,grey,62.97790411,-60.93164653
RL,3,EN_RL_3,10-4 rollover,43.52944,-119.29861,OR,1390,NA,salicifolia,63.06743278,-63.97188938,7.123822416,-11.14692225,28.74443408,grey,62.97790411,-60.93164653
RL,4,EN_RL_4,10-4 rollover,43.52944,-119.29861,OR,1390,NA,salicifolia,61.79561178,-45.51076695,5.238449228,-9.631068804,19.95910248,grey,62.97790411,-60.93164653
RL,5,EN_RL_5,10-4 rollover,43.52944,-119.29861,OR,1390,NA,salicifolia,59.81798346,-67.94082966,5.745225131,-11.0385454,29.02739161,grey,62.97790411,-60.93164653
RL,6,EN_RL_6,10-4 rollover,43.52944,-119.29861,OR,1390,NA,salicifolia,62.91404353,-58.8900949,9.022344104,-11.5748063,23.99080673,grey,62.97790411,-60.93164653
RO,1,EN_RO_1,OR1,44.14689,-117.10694,OR,881,NA,speciosa,30.10532993,20.23441969,-6.414995965,6.595004673,-16.4098592,hybrid,30.97052216,18.01274386
RO,2,EN_RO_2,OR1,44.14689,-117.10694,OR,881,NA,speciosa,27.57302166,24.89018827,-5.150372301,8.661215152,-20.3266688,hybrid,30.97052216,18.01274386
RO,3,EN_RO_3,OR1,44.14689,-117.10694,OR,881,NA,speciosa,27.64595199,16.80256383,-2.980739299,6.436152712,-13.55796976,hybrid,30.97052216,18.01274386
RO,4,EN_RO_4,OR1,44.14689,-117.10694,OR,881,NA,speciosa,27.8690263,26.72769306,-8.927238144,11.75079872,-20.93818508,hybrid,30.97052216,18.01274386
RO,5,EN_RO_5,OR1,44.14689,-117.10694,OR,881,NA,speciosa,44.43071322,-2.583106773,-1.340932851,3.144333073,-7.416260803,grey,30.97052216,18.01274386
RO,6,EN_RO_6,OR1,44.14689,-117.10694,OR,881,NA,speciosa,28.19908987,22.00470508,-3.687792036,6.961683727,-15.02229653,hybrid,30.97052216,18.01274386
RS,1,EN_RS_1,rest stop green,37.51538,-113.2111,UT,1628,NA,graveolens,-130.8769961,8.321298218,21.48674721,-114.0442987,-13.66838446,green,-128.1783168,4.65969783
RS,2,EN_RS_2,rest stop green,37.51538,-113.2111,UT,1628,NA,graveolens,-132.1769782,3.442863856,14.74449701,-108.7250557,-15.23581543,green,-128.1783168,4.65969783
RS,4,EN_RS_4,rest stop green,37.51538,-113.2111,UT,1628,NA,graveolens,-124.0362677,3.237682647,17.8079636,-96.42117932,-13.46275617,green,-128.1783168,4.65969783
RS,5,EN_RS_5,rest stop green,37.51538,-113.2111,UT,1628,NA,graveolens,-132.9819927,5.423692309,16.27361084,-114.6403493,-14.85592762,green,-128.1783168,4.65969783
RS,6,EN_RS_6,rest stop green,37.51538,-113.2111,UT,1628,NA,graveolens,-125.1546376,4.172481254,16.22992782,-93.32494888,-12.30225405,green,-128.1783168,4.65969783
RS,7,EN_RS_7,rest stop green,37.51538,-113.2111,UT,1628,NA,graveolens,-123.8430283,3.360168698,14.48092191,-91.6592667,-12.34907169,green,-128.1783168,4.65969783
RT,1,EN_RT_1,OR2,45.3445,-118.22667,OR,883,NA,speciosa/oreophila,14.01439677,-20.05704633,20.42953084,10.5952978,10.9969942,hybrid,13.61986109,-18.09765125
RT,2,EN_RT_2,OR2,45.3445,-118.22667,OR,883,NA,speciosa/oreophila,13.22532541,-16.13825617,15.88270472,7.184920544,9.230699542,hybrid,13.61986109,-18.09765125
SC,10,EN_SC_10,Smith Creek (aka Desatoya),39.38344,-117.62386,NV,1990,NA,hololueca,56.39663731,52.72355148,-7.923255501,1.395854879,-41.72445985,grey,55.00159588,56.3678672
SC,11,EN_SC_11,Smith Creek (aka Desatoya),39.38344,-117.62386,NV,1990,NA,hololueca,54.40938817,62.72769552,-11.21862958,5.049955866,-44.76000141,grey,55.00159588,56.3678672
SC,12,EN_SC_12,Smith Creek (aka Desatoya),39.38344,-117.62386,NV,1990,NA,hololueca,54.20340911,72.50228161,-12.3202956,5.433824204,-55.79753567,grey,55.00159588,56.3678672
SC,13,EN_SC_13,Smith Creek (aka Desatoya),39.38344,-117.62386,NV,1990,NA,hololueca,52.63340669,68.49724596,-12.73975153,5.971765436,-57.12656848,grey,55.00159588,56.3678672
SC,14,EN_SC_14,Smith Creek (aka Desatoya),39.38344,-117.62386,NV,1990,NA,hololueca,54.46335637,63.87038357,-10.49146879,3.507715303,-47.88801051,grey,55.00159588,56.3678672
SC,15,EN_SC_15,Smith Creek (aka Desatoya),39.38344,-117.62386,NV,1990,NA,hololueca,53.40334204,67.17874763,-12.0395462,5.205385624,-49.51490789,grey,55.00159588,56.3678672
SC,1,EN_SC_1,Smith Creek (aka Desatoya),39.38344,-117.62386,NV,1990,NA,hololueca,55.56947666,46.99030162,-6.745516768,2.088014553,-36.52956623,grey,55.00159588,56.3678672
SC,2,EN_SC_2,Smith Creek (aka Desatoya),39.38344,-117.62386,NV,1990,NA,hololueca,54.66062544,55.25982594,-9.820773359,3.432130897,-41.98894144,grey,55.00159588,56.3678672
SC,3,EN_SC_3,Smith Creek (aka Desatoya),39.38344,-117.62386,NV,1990,NA,hololueca,54.44865357,56.52682444,-10.70262218,3.839514349,-41.7364195,grey,55.00159588,56.3678672
SC,4,EN_SC_4,Smith Creek (aka Desatoya),39.38344,-117.62386,NV,1990,NA,hololueca,56.66158609,44.20435535,-5.69184256,1.964461525,-32.37499617,grey,55.00159588,56.3678672
SC,5,EN_SC_5,Smith Creek (aka Desatoya),39.38344,-117.62386,NV,1990,NA,hololueca,55.61074212,46.4132831,-7.016093612,1.879215207,-32.7073611,grey,55.00159588,56.3678672
SC,6,EN_SC_6,Smith Creek (aka Desatoya),39.38344,-117.62386,NV,1990,NA,hololueca,55.29294651,44.30244855,-7.527807967,1.677722701,-33.92506411,grey,55.00159588,56.3678672
SC,7,EN_SC_7,Smith Creek (aka Desatoya),39.38344,-117.62386,NV,1990,NA,hololueca,55.11696962,49.19879961,-7.46466918,3.57132762,-39.12438389,grey,55.00159588,56.3678672
SC,9,EN_SC_9,Smith Creek (aka Desatoya),39.38344,-117.62386,NV,1990,NA,hololueca,57.15180259,58.75439647,-9.522965122,4.58947793,-47.21499498,grey,55.00159588,56.3678672
SH,1,EN_SH_1,sea hwy,41.32371,-117.70572,NV,1487,NA,? Gray leaves,49.96979233,60.98868179,-10.55960181,7.520118051,-53.48139422,grey,50.5891046,57.51792889
SH,2,EN_SH_2,sea hwy,41.32371,-117.70572,NV,1487,NA,? Gray leaves,51.46791574,58.81823918,-9.759815552,5.943322205,-50.93892903,grey,50.5891046,57.51792889
SH,3,EN_SH_3,sea hwy,41.32371,-117.70572,NV,1487,NA,? Gray leaves,50.77625117,53.159168,-9.175197093,6.248448481,-47.92327256,grey,50.5891046,57.51792889
SH,4,EN_SH_4,sea hwy,41.32371,-117.70572,NV,1487,NA,? Gray leaves,50.14245917,57.10562657,-11.30958076,6.55648059,-51.95900243,grey,50.5891046,57.51792889
SJ,10,EN_SJ_10,Snake John Wash,40.237306,-109.08544,UT,1727,NA,hololueca/turbinata,-92.06264309,0.319945457,178.0889621,94.71986086,-15.16447127,green,-94.22198945,-5.48469816
SJ,11,EN_SJ_11,Snake John Wash,40.237306,-109.08544,UT,1727,NA,hololueca/turbinata,-90.88296374,-1.351509436,146.0804549,78.85842051,-11.52240189,green,-94.22198945,-5.48469816
SJ,12,EN_SJ_12,Snake John Wash,40.237306,-109.08544,UT,1727,NA,hololueca/turbinata,-90.538128,-0.347945187,169.2772206,87.82958168,-14.21011893,green,-94.22198945,-5.48469816
SJ,1,EN_SJ_1,Snake John Wash,40.237306,-109.08544,UT,1727,NA,hololueca/turbinata,-95.7847902,-11.65722718,-26.64951629,3.724158792,-1.164667783,green,-94.22198945,-5.48469816
SJ,2,EN_SJ_2,Snake John Wash,40.237306,-109.08544,UT,1727,NA,hololueca/turbinata,-96.65934527,-11.98102815,-26.10251826,-1.543798036,-1.882722696,green,-94.22198945,-5.48469816
SJ,3,EN_SJ_3,Snake John Wash,40.237306,-109.08544,UT,1727,NA,hololueca/turbinata,-97.11182828,-10.23949054,-26.2148003,0.628373066,-1.596191637,green,-94.22198945,-5.48469816
SJ,4,EN_SJ_4,Snake John Wash,40.237306,-109.08544,UT,1727,NA,hololueca/turbinata,-94.90576976,-9.869825071,-27.46160113,2.392379736,-2.593409681,green,-94.22198945,-5.48469816
SJ,5,EN_SJ_5,Snake John Wash,40.237306,-109.08544,UT,1727,NA,hololueca/turbinata,-99.59637894,-10.80203651,-25.39925681,0.261500398,-0.559039341,green,-94.22198945,-5.48469816
SJ,6,EN_SJ_6,Snake John Wash,40.237306,-109.08544,UT,1727,NA,hololueca/turbinata,-98.17575699,-11.6917658,-23.55472926,-1.331255617,-1.643005109,green,-94.22198945,-5.48469816
SJ,7,EN_SJ_7,Snake John Wash,40.237306,-109.08544,UT,1727,NA,hololueca/turbinata,-92.06885542,0.412666791,172.8186661,91.04335834,-13.80999961,green,-94.22198945,-5.48469816
SJ,8,EN_SJ_8,Snake John Wash,40.237306,-109.08544,UT,1727,NA,hololueca/turbinata,-91.2085428,0.542499479,174.9398538,91.65622928,-14.35304571,green,-94.22198945,-5.48469816
SJ,9,EN_SJ_9,Snake John Wash,40.237306,-109.08544,UT,1727,NA,hololueca/turbinata,-91.66887092,0.849338231,173.1957654,92.33506631,-13.09162427,green,-94.22198945,-5.48469816
SL,2,EN_SL_2,Speed Limit 19,35.21852,-111.64226,AZ,2140,NA,? leiosperma,-119.0729149,2.625701712,19.24311655,-75.51938615,-9.094888085,green,-119.7251036,3.473706803
SL,3,EN_SL_3,Speed Limit 19,35.21852,-111.64226,AZ,2140,NA,? leiosperma,-118.1775922,2.890684176,19.30182179,-70.60632022,-6.940844059,green,-119.7251036,3.473706803
SL,4,EN_SL_4,Speed Limit 19,35.21852,-111.64226,AZ,2140,NA,? leiosperma,-123.6716403,6.614025619,21.54466909,-90.34582408,-8.324877212,green,-119.7251036,3.473706803
SL,5,EN_SL_5,Speed Limit 19,35.21852,-111.64226,AZ,2140,NA,? leiosperma,-119.0351121,2.337703043,18.08625163,-74.46729277,-8.842549758,green,-119.7251036,3.473706803
SL,6,EN_SL_6,Speed Limit 19,35.21852,-111.64226,AZ,2140,NA,? leiosperma,-118.6682587,2.900419463,19.75778042,-74.87523167,-7.611235299,green,-119.7251036,3.473706803
SS,10,EN_SS_10,Spanish Springs,40.73664,-120.31685,CA,1647,NA,hololueca,78.641318,-67.43731403,12.36878467,-19.26725534,16.95229083,grey,49.36341041,-49.57121533
SS,11,EN_SS_11,Spanish Springs,40.73664,-120.31685,CA,1647,NA,hololueca,5.812318274,-50.50858633,-23.38987399,11.06271077,8.023512852,hybrid,49.36341041,-49.57121533
SS,12,EN_SS_12,Spanish Springs,40.73664,-120.31685,CA,1647,NA,hololueca,71.759994,-51.10565252,9.031550201,-15.83133081,13.31726573,grey,49.36341041,-49.57121533
SS,13,EN_SS_13,Spanish Springs,40.73664,-120.31685,CA,1647,NA,hololueca,72.56820578,-50.02751945,9.183074461,-15.92596341,13.84398931,grey,49.36341041,-49.57121533
SS,14,EN_SS_14,Spanish Springs,40.73664,-120.31685,CA,1647,NA,hololueca,8.182122447,-44.34176888,-20.76520925,8.796544907,7.40915008,hybrid,49.36341041,-49.57121533
SS,15,EN_SS_15,Spanish Springs,40.73664,-120.31685,CA,1647,NA,hololueca,75.25813926,-61.37403547,11.0637319,-16.06498817,16.61961756,grey,49.36341041,-49.57121533
SS,2,EN_SS_2,Spanish Springs,40.73664,-120.31685,CA,1647,NA,hololueca,77.73394543,-58.49628117,11.27706183,-17.80650075,13.92844535,grey,49.36341041,-49.57121533
SS,3,EN_SS_3,Spanish Springs,40.73664,-120.31685,CA,1647,NA,hololueca,71.89900134,-65.44219463,8.242951932,-16.40543488,17.12525408,grey,49.36341041,-49.57121533
SS,4,EN_SS_4,Spanish Springs,40.73664,-120.31685,CA,1647,NA,hololueca,68.3574456,-30.1066937,7.377061214,-12.37106058,8.647930334,grey,49.36341041,-49.57121533
SS,5,EN_SS_5,Spanish Springs,40.73664,-120.31685,CA,1647,NA,hololueca,71.53530939,-45.12681381,9.18779286,-14.60136251,13.06708096,grey,49.36341041,-49.57121533
SS,6,EN_SS_6,Spanish Springs,40.73664,-120.31685,CA,1647,NA,hololueca,72.25236796,-49.83960436,7.858779133,-14.92388195,12.75069601,grey,49.36341041,-49.57121533
SS,7,EN_SS_7,Spanish Springs,40.73664,-120.31685,CA,1647,NA,hololueca,-7.713744345,-34.89239807,-22.70533024,13.22961137,4.328573939,hybrid,49.36341041,-49.57121533
SS,8,EN_SS_8,Spanish Springs,40.73664,-120.31685,CA,1647,NA,hololueca,-46.44501262,-36.82604913,-39.05083323,27.33258379,1.646795904,hybrid,49.36341041,-49.57121533
SS,9,EN_SS_9,Spanish Springs,40.73664,-120.31685,CA,1647,NA,hololueca,71.24633526,-48.47210299,7.956904728,-14.9472403,12.55395856,grey,49.36341041,-49.57121533
TO,1,EN_TO_1,toquerville,37.28252,-113.30629,UT,1159,NA,salicifolia,15.40459137,85.27528384,-5.934780828,0.698174802,73.71639185,hybrid,13.95803856,88.74730576
TO,2,EN_TO_2,toquerville,37.28252,-113.30629,UT,1159,NA,salicifolia,12.23251039,87.4080859,-6.936641309,2.07028627,75.30519062,hybrid,13.95803856,88.74730576
TO,3,EN_TO_3,toquerville,37.28252,-113.30629,UT,1159,NA,salicifolia,14.21616056,84.7170876,-6.328080853,2.658493092,72.71417492,hybrid,13.95803856,88.74730576
TO,4,EN_TO_4,toquerville,37.28252,-113.30629,UT,1159,NA,salicifolia,14.90263436,93.89802623,-7.228050774,2.057331555,78.29698367,hybrid,13.95803856,88.74730576
TO,5,EN_TO_5,toquerville,37.28252,-113.30629,UT,1159,NA,salicifolia,14.06000043,83.64885491,-6.075179884,0.897379945,72.19619681,hybrid,13.95803856,88.74730576
TO,6,EN_TO_6,toquerville,37.28252,-113.30629,UT,1159,NA,salicifolia,12.93233424,97.53649606,-9.248835066,2.83271547,80.32195967,hybrid,13.95803856,88.74730576
TU,1,EN_TU_1,tunnel,37.22645,-113.37766,UT,1004,NA,? green leaves,-131.1100365,4.630836489,21.61971358,-114.8980002,-15.31828423,green,-131.4324161,4.673129619
TU,2,EN_TU_2,tunnel,37.22645,-113.37766,UT,1004,NA,? green leaves,-126.4495928,3.670299637,19.17460819,-96.89712171,-12.90304987,green,-131.4324161,4.673129619
TU,3,EN_TU_3,tunnel,37.22645,-113.37766,UT,1004,NA,? green leaves,-130.5838862,1.878830333,18.24805126,-105.9786794,-15.90024893,green,-131.4324161,4.673129619
TU,4,EN_TU_4,tunnel,37.22645,-113.37766,UT,1004,NA,? green leaves,-136.0357272,6.332420553,23.88614076,-126.1904102,-17.07005006,green,-131.4324161,4.673129619
TU,5,EN_TU_5,tunnel,37.22645,-113.37766,UT,1004,NA,? green leaves,-131.4050792,3.574623922,21.18848351,-110.8832002,-14.51096114,green,-131.4324161,4.673129619
TU,6,EN_TU_6,tunnel,37.22645,-113.37766,UT,1004,NA,? green leaves,-133.4591141,6.907432024,24.09188262,-121.3256432,-17.22086532,green,-131.4324161,4.673129619
TU,7,EN_TU_7,tunnel,37.22645,-113.37766,UT,1004,NA,? green leaves,-130.9834768,5.717464373,21.64562694,-113.8949664,-15.89272396,green,-131.4324161,4.673129619
UN,1,EN_UN_1,Unknown 1,37.11617,-111.97725,UT,1447,NA,? salicifolia or speciosa,7.627836351,88.43820856,-5.447758924,-1.316926825,77.46401648,hybrid,6.56608935,83.80758908
UN,2,EN_UN_2,Unknown 1,37.11617,-111.97725,UT,1447,NA,? salicifolia or speciosa,5.504342349,79.17696961,-3.339129339,-2.139841151,65.2974222,hybrid,6.56608935,83.80758908
UO,1,EN_UO_1,UT1,39.08505,-113.50959,UT,1438,NA,speciosa,18.44662562,95.09213335,-9.240356828,3.410425179,68.53316738,hybrid,16.97047855,91.22195665
UO,3,EN_UO_3,UT1,39.08505,-113.50959,UT,1438,NA,speciosa,16.64821219,90.88665618,-7.777222361,0.48837739,67.81394003,hybrid,16.97047855,91.22195665
UO,4,EN_UO_4,UT1,39.08505,-113.50959,UT,1438,NA,speciosa,15.18258923,91.14373069,-6.687677089,3.153242643,70.67119604,hybrid,16.97047855,91.22195665
UO,5,EN_UO_5,UT1,39.08505,-113.50959,UT,1438,NA,speciosa,17.60448715,87.76530638,-8.498382381,2.132281637,65.6155614,hybrid,16.97047855,91.22195665
UT,1,EN_UT_1,UT2,39.07335,-113.71999,UT,1671,NA,speciosa,-90.85606145,-0.241311619,152.2698469,83.17416495,-10.19625661,green,-91.07847121,-0.422318435
UT,2,EN_UT_2,UT2,39.07335,-113.71999,UT,1671,NA,speciosa,-90.83788872,-0.944751274,154.1935466,83.82768445,-10.51294717,green,-91.07847121,-0.422318435
UT,3,EN_UT_3,UT2,39.07335,-113.71999,UT,1671,NA,speciosa,-91.30734192,-0.408545033,147.0484327,81.56978069,-9.432231072,green,-91.07847121,-0.422318435
UT,4,EN_UT_4,UT2,39.07335,-113.71999,UT,1671,NA,speciosa,-91.07487151,0.536963683,160.6058509,87.55770186,-10.02450372,green,-91.07847121,-0.422318435
UT,5,EN_UT_5,UT2,39.07335,-113.71999,UT,1671,NA,speciosa,-91.31619246,-1.053947932,146.1202777,80.71547934,-10.40535077,green,-91.07847121,-0.422318435
VI,1,EN_VI_1,Victorville-ish,34.59045,-117.25938,CA,869,NA,? Bigelovii,22.52111023,76.27983116,-4.101122774,10.24276466,22.17905278,hybrid,23.76196234,73.91329746
VI,2,EN_VI_2,Victorville-ish,34.59045,-117.25938,CA,869,NA,? Bigelovii,23.7224507,70.87995907,-4.117117631,6.930341519,18.7669445,hybrid,23.76196234,73.91329746
VI,3,EN_VI_3,Victorville-ish,34.59045,-117.25938,CA,869,NA,? Bigelovii,24.81668522,75.36639117,-3.623664495,9.314020592,20.81376156,hybrid,23.76196234,73.91329746
VI,4,EN_VI_4,Victorville-ish,34.59045,-117.25938,CA,869,NA,? Bigelovii,23.84725711,74.91704595,-4.728372478,9.631932447,23.41208839,hybrid,23.76196234,73.91329746
VI,5,EN_VI_5,Victorville-ish,34.59045,-117.25938,CA,869,NA,? Bigelovii,23.90230841,72.12325995,-4.403537228,9.239253852,20.95163251,hybrid,23.76196234,73.91329746
VM,10,EN_VM_10,Virginia Mountains,39.91538,-119.90043,NV,1503,NA,hololueca,71.37349659,-8.66667285,1.639182595,-10.35711667,-19.93351593,grey,71.2182661,-13.36437753
VM,11,EN_VM_11,Virginia Mountains,39.91538,-119.90043,NV,1503,NA,hololueca,73.91351519,-16.55521037,4.374775494,-12.18439522,-15.3506251,grey,71.2182661,-13.36437753
VM,12,EN_VM_12,Virginia Mountains,39.91538,-119.90043,NV,1503,NA,hololueca,72.67470611,-22.43065972,5.020786325,-13.75611631,-11.34342481,grey,71.2182661,-13.36437753
VM,13,EN_VM_13,Virginia Mountains,39.91538,-119.90043,NV,1503,NA,hololueca,71.96167818,-13.05583608,2.864543238,-9.253944131,-18.71629012,grey,71.2182661,-13.36437753
VM,14,EN_VM_14,Virginia Mountains,39.91538,-119.90043,NV,1503,NA,hololueca,70.66061968,-18.38717263,5.148413061,-11.48891409,-14.86450583,grey,71.2182661,-13.36437753
VM,15,EN_VM_15,Virginia Mountains,39.91538,-119.90043,NV,1503,NA,hololueca,69.80069038,-8.172419637,1.544865508,-8.637233456,-17.20499341,grey,71.2182661,-13.36437753
VM,1,EN_VM_1,Virginia Mountains,39.91538,-119.90043,NV,1503,NA,hololueca,71.49308219,-12.09686885,3.069224832,-11.95548998,-20.43309233,grey,71.2182661,-13.36437753
VM,2,EN_VM_2,Virginia Mountains,39.91538,-119.90043,NV,1503,NA,hololueca,68.12170521,-8.04034923,0.714177046,-7.771359512,-23.62674941,grey,71.2182661,-13.36437753
VM,3,EN_VM_3,Virginia Mountains,39.91538,-119.90043,NV,1503,NA,hololueca,72.26865118,-11.99142126,3.307706125,-11.13351228,-18.7459421,grey,71.2182661,-13.36437753
VM,4,EN_VM_4,Virginia Mountains,39.91538,-119.90043,NV,1503,NA,hololueca,73.97536626,-17.76449285,4.43056591,-11.8796887,-16.4934279,grey,71.2182661,-13.36437753
VM,5,EN_VM_5,Virginia Mountains,39.91538,-119.90043,NV,1503,NA,hololueca,69.09369039,-12.60130521,3.692812777,-8.731964319,-18.41750091,grey,71.2182661,-13.36437753
VM,6,EN_VM_6,Virginia Mountains,39.91538,-119.90043,NV,1503,NA,hololueca,70.55139319,-15.34319159,4.773513692,-11.1215904,-13.86064011,grey,71.2182661,-13.36437753
VM,7,EN_VM_7,Virginia Mountains,39.91538,-119.90043,NV,1503,NA,hololueca,69.76496897,-13.89735661,3.579992678,-10.43992226,-12.77126152,grey,71.2182661,-13.36437753
VM,8,EN_VM_8,Virginia Mountains,39.91538,-119.90043,NV,1503,NA,hololueca,69.79798789,-11.56008918,3.273254406,-10.73435195,-12.75353147,grey,71.2182661,-13.36437753
VM,9,EN_VM_9,Virginia Mountains,39.91538,-119.90043,NV,1503,NA,hololueca,72.8224401,-9.902616825,1.958828622,-9.43147216,-18.70419611,grey,71.2182661,-13.36437753
WA,1,EN_WA_1,10-7 wash,43.82544,-117.64056,OR,762,consilimis,oreophila,-81.15846495,-17.31869115,-27.11091414,22.42282262,-2.665548384,green,-81.29040587,-18.03634806
WA,3,EN_WA_3,10-7 wash,43.82544,-117.64056,OR,762,consilimis,oreophila,-78.88969194,-21.015669,-40.01784834,29.94608377,-2.991458315,green,-81.29040587,-18.03634806
WA,6,EN_WA_6,10-7 wash,43.82544,-117.64056,OR,762,consilimis,oreophila,-83.82306072,-15.77468401,-24.47233322,20.83818388,-1.177925529,green,-81.29040587,-18.03634806
YL,1,EN_YL_1,10-3 yellow,43.53928,-119.43722,OR,1307,NA,speciosa,58.6362612,-29.28403788,4.331688265,-6.893787394,12.85272025,grey,63.17726776,-56.89115198
YL,3,EN_YL_3,10-3 yellow,43.53928,-119.43722,OR,1307,NA,speciosa,66.19506708,-69.3893953,10.65125426,-12.48808152,27.49456073,grey,63.17726776,-56.89115198
YL,4,EN_YL_4,10-3 yellow,43.53928,-119.43722,OR,1307,NA,speciosa,67.41418453,-68.69151112,7.880620489,-13.12003463,26.6693816,grey,63.17726776,-56.89115198
YL,5,EN_YL_5,10-3 yellow,43.53928,-119.43722,OR,1307,NA,speciosa,61.75441048,-59.17896234,8.731137201,-11.09234338,24.94655652,grey,63.17726776,-56.89115198
YL,6,EN_YL_6,10-3 yellow,43.53928,-119.43722,OR,1307,NA,speciosa,61.88641552,-57.91185325,8.242891185,-11.30174279,23.62635326,grey,63.17726776,-56.89115198