"Sp","Ploidy","Pop","ID","All","SpPloidy","Name","Lat","Long","PopPloidy","PC1","PC2","PC3","PC4","PC5","A1","A2","A3","ESS1","ESS2","ESS3","Rhat1","Rhat2","Rhat3"
"CD",2,"IP",10,"CD2_IP_10","CD2","Ingham Pass",41.67255,-113.74295,"IP2",-17.8454445321015,-25.9868201283137,-28.148622737646,25.0229267559466,-59.0831474627864,0.236054,0.543469,0.220477,1489.54,1461.74,1333.91,1.001,1.001,1.002
"CD",2,"IP",11,"CD2_IP_11","CD2","Ingham Pass",41.67255,-113.74295,"IP2",-21.8926543703125,-26.5761622422587,-28.7993877524315,30.3369362882029,-71.9562281718964,0.21381,0.566439,0.219751,1993.55,1420.55,1398.26,1.001,1.002,1.001
"CD",2,"IP",12,"CD2_IP_12","CD2","Ingham Pass",41.67255,-113.74295,"IP2",-23.6701698843838,-29.2135316100659,-25.1816382664686,24.7532571921185,-53.2814793626671,0.182597,0.547549,0.269854,1186.75,1213.09,1170.16,1,1,1
"CD",2,"IP",1,"CD2_IP_1","CD2","Ingham Pass",41.67255,-113.74295,"IP2",-22.1553410588933,-27.6849412145181,-30.1264129203894,28.8732358382266,-67.6524633108728,0.182515,0.574369,0.243116,1619.79,1255.12,1530.39,1.001,1.001,1.002
"CD",2,"IP",2,"CD2_IP_2","CD2","Ingham Pass",41.67255,-113.74295,"IP2",-21.2489519906623,-22.8937720790789,-31.8065384277488,30.1645788316478,-78.3485189969205,0.196655,0.598083,0.205261,2176.79,1679.24,1427.28,1,1.001,1.001
"CD",2,"IP",3,"CD2_IP_3","CD2","Ingham Pass",41.67255,-113.74295,"IP2",-22.2496900843263,-28.7213482753402,-28.3542576702751,26.063911497787,-64.9190368477564,0.185779,0.569879,0.244342,1350.5,1318.22,1432.13,1.003,1.003,1.001
"CD",2,"IP",4,"CD2_IP_4","CD2","Ingham Pass",41.67255,-113.74295,"IP2",-20.3630768783262,-26.8043426824042,-29.4030251642998,31.7391869390287,-77.1023310995267,0.212743,0.568944,0.218313,1920.24,1911.27,1696.57,1,1.001,1
"CD",2,"IP",5,"CD2_IP_5","CD2","Ingham Pass",41.67255,-113.74295,"IP2",-22.3735640612539,-28.2674502145404,-29.6161881836132,30.1559370167423,-72.5375038408969,0.184737,0.583904,0.231359,1585.94,1691.94,1567.17,1.001,1,1
"CD",2,"IP",6,"CD2_IP_6","CD2","Ingham Pass",41.67255,-113.74295,"IP2",-21.2874633853423,-28.2204682480416,-27.3431702318475,31.7764339067078,-74.0539823819528,0.214984,0.552454,0.232561,2086.99,1739.19,1898.65,1.001,1.001,1
"CD",2,"IP",7,"CD2_IP_7","CD2","Ingham Pass",41.67255,-113.74295,"IP2",-21.2574141910342,-28.0488786785644,-30.8518345616329,31.1195857987153,-73.4580725780543,0.195287,0.572885,0.231828,1711.28,1303.12,1332.82,1,1.002,1.003
"CD",2,"IP",8,"CD2_IP_8","CD2","Ingham Pass",41.67255,-113.74295,"IP2",-20.2946230959317,-30.002573884149,-29.7219277511968,31.8790985162208,-74.9727828329869,0.210686,0.555888,0.233426,2044.15,1513.73,1558.02,1.001,1,1
"CD",2,"IP",9,"CD2_IP_9","CD2","Ingham Pass",41.67255,-113.74295,"IP2",-22.473485548147,-27.1845014152835,-29.2794039312125,29.7577800080511,-69.4907293629292,0.202858,0.558356,0.238786,2060.25,1921.56,1594.34,1.002,1.003,1.001
"CD",2,"LA",10,"CD2_LA_10","CD2","Lake Valley",38.29264,-114.51919,"LA2",-20.9067679226784,12.618837001699,23.9831518763444,5.33053666847382,10.1169820784465,0.255819,0.614785,0.129396,3182.73,2864.88,2032.32,1.001,1.001,1.001
"CD",2,"LA",11,"CD2_LA_11","CD2","Lake Valley",38.29264,-114.51919,"LA2",-68.6132682263015,44.101988002271,33.9173293690232,6.19883447216254,-1.87577047416548,0.000544,0.969324,0.030133,1199.06,767.47,768.61,1.004,1.001,1.001
"CD",2,"LA",1,"CD2_LA_1","CD2","Lake Valley",38.29264,-114.51919,"LA2",-67.8699116921569,45.2538872899325,32.5644777065471,6.06602178928539,-1.48424908534876,0.000548,0.961322,0.03813,1223.57,821.14,811.76,1.002,1,1
"CD",2,"LA",2,"CD2_LA_2","CD2","Lake Valley",38.29264,-114.51919,"LA2",-65.8238688670601,43.3342593777462,29.2681600833016,6.2974984821135,-2.67356542351196,0.000698,0.960067,0.039235,852.4,735.65,725.53,1.002,1.004,1.003
"CD",2,"LA",3,"CD2_LA_3","CD2","Lake Valley",38.29264,-114.51919,"LA2",-68.1551068612153,40.2771490216379,33.4893933909427,4.99732953552419,-1.3394598287436,0.000519,0.936355,0.063126,1182.99,909.95,909.01,1.001,1.002,1.001
"CD",2,"LA",6,"CD2_LA_6","CD2","Lake Valley",38.29264,-114.51919,"LA2",-68.8024179620115,45.3298925190299,32.3723563910118,6.75891589519038,-0.655892277499553,0.000488,0.953443,0.046069,1169.58,843.4,785.75,1.002,1.006,1.006
"CD",2,"LA",7,"CD2_LA_7","CD2","Lake Valley",38.29264,-114.51919,"LA2",-69.0686974474522,44.0264228411319,33.568440392771,4.70799332766486,-0.891440398554207,0.002083,0.943943,0.053974,469.13,937,986.93,1.005,1.003,1.003
"CD",2,"LA",8,"CD2_LA_8","CD2","Lake Valley",38.29264,-114.51919,"LA2",-67.9323371318629,46.1383729385931,31.1001324085373,7.86392569736941,-0.373162227650787,0.000742,0.95261,0.046648,805.8,704.11,716.15,1.002,1.002,1.003
"CD",2,"LS",10,"CD2_LS_10","CD2","Lowman Summer Home Road",44.08559,-115.62701,"LS2",57.4562979763169,-10.3398859223726,11.3663516638117,9.03954246876142,3.23869360785423,0.755523,0.181655,0.062821,1740.67,1289.95,965.59,1.001,1,1
"CD",2,"LS",11,"CD2_LS_11","CD2","Lowman Summer Home Road",44.08559,-115.62701,"LS2",96.1469102235598,-6.76563728828479,24.0417003461455,2.33841109139484,25.8995203220475,0.998002,0.001589,0.000409,667.42,652.51,1730.99,1.004,1.004,1
"CD",2,"LS",12,"CD2_LS_12","CD2","Lowman Summer Home Road",44.08559,-115.62701,"LS2",94.9308483776529,-7.4490663254806,24.4158611661079,2.21346254749898,24.0489170213269,0.996595,0.000976,0.002429,501.69,520.22,504.01,1.002,1.005,1.001
"CD",2,"LS",1,"CD2_LS_1","CD2","Lowman Summer Home Road",44.08559,-115.62701,"LS2",98.9486589054407,-6.27049093119625,25.2882051721879,1.92777840889299,27.480680379274,0.999174,0.000488,0.000338,1430.89,1456.8,1912.28,1.001,1.001,1.001
"CD",2,"LS",2,"CD2_LS_2","CD2","Lowman Summer Home Road",44.08559,-115.62701,"LS2",97.8327116323821,-6.74855209066414,24.7660207799342,2.03925544475998,22.1145449357696,0.99907,0.000516,0.000414,1299.89,1236.4,1289.51,1.002,1.001,1
"CD",2,"LS",3,"CD2_LS_3","CD2","Lowman Summer Home Road",44.08559,-115.62701,"LS2",98.753786437595,-7.5638433282345,25.3495079276864,3.09251188168272,26.7889415622069,0.999064,0.000497,0.000439,1139.67,1222.25,1234.36,1.002,1.001,1.003
"CD",2,"LS",4,"CD2_LS_4","CD2","Lowman Summer Home Road",44.08559,-115.62701,"LS2",96.4698559401996,-6.44136019211096,22.6999749150913,2.62234648839379,20.8249019003387,0.998925,0.000668,0.000407,1059.55,876.42,1447.01,1,1,1.003
"CD",2,"LS",5,"CD2_LS_5","CD2","Lowman Summer Home Road",44.08559,-115.62701,"LS2",101.905669655295,-7.44245380231708,27.4260891621984,2.20675116833003,31.1046345159201,0.999126,0.000571,0.000303,1118.25,998.62,1945.98,1.003,1.002,1.001
"CD",2,"LS",6,"CD2_LS_6","CD2","Lowman Summer Home Road",44.08559,-115.62701,"LS2",96.1867214457026,-6.63171723259999,24.1728239602363,2.2701210803111,22.5754603900803,0.984467,0.014972,0.000561,596.92,594.75,1006.97,1.001,1.001,1.001
"CD",2,"LS",7,"CD2_LS_7","CD2","Lowman Summer Home Road",44.08559,-115.62701,"LS2",78.7548337400196,-7.71970007630195,13.4463159243807,1.16029384841717,23.6968236921055,0.868696,0.08637,0.044934,1736.43,1300.86,1283.58,1.002,1.002,1
"CD",2,"LS",8,"CD2_LS_8","CD2","Lowman Summer Home Road",44.08559,-115.62701,"LS2",101.124864453213,-6.79413079298142,26.2000807068558,2.04677289504133,27.8591486339225,0.99931,0.000418,0.000272,1328.36,1160.26,2040.08,1,1,1.001
"CD",2,"LS",9,"CD2_LS_9","CD2","Lowman Summer Home Road",44.08559,-115.62701,"LS2",97.7656767211252,-6.76572879583795,23.236186923583,2.12105669538399,23.8265118129331,0.999196,0.000492,0.000311,1258.49,1075.38,1759.52,1,1.001,1
"CD",2,"MM",10,"CD2_MM_10","CD2","Mono Mills",37.9075,-118.95347,"MM2",-77.1480959879484,75.2588767382036,57.898106631449,36.9145484911119,5.61926258597929,0.000199,0.999458,0.000342,2570.71,2063.24,1800.34,1.001,1,1
"CD",2,"MM",11,"CD2_MM_11","CD2","Mono Mills",37.9075,-118.95347,"MM2",-76.2228017490751,72.3362713030057,57.5175886167698,37.4454403049465,5.62998325272848,0.000304,0.998771,0.000925,1707.64,740.63,683.8,1.001,1.001,1.001
"CD",2,"MM",12,"CD2_MM_12","CD2","Mono Mills",37.9075,-118.95347,"MM2",-75.8338746911303,73.3119013849516,57.1624196718252,37.7593818285936,4.32824381991688,0.000263,0.999462,0.000275,2256.2,2028.38,2008.75,1.003,1,1.002
"CD",2,"MM",1,"CD2_MM_1","CD2","Mono Mills",37.9075,-118.95347,"MM2",-30.0464986526896,40.7662392032788,37.5569570763628,18.9779905226697,3.30129846325069,0.221319,0.746374,0.032308,2360.99,2019.81,921.02,1,1,1.001
"CD",2,"MM",2,"CD2_MM_2","CD2","Mono Mills",37.9075,-118.95347,"MM2",-77.8248407490949,76.0512468300964,59.8754139465864,40.1590831216753,5.3229491218586,0.000168,0.999554,0.000277,2819.03,2135.55,1980.33,1,1.001,1.001
"CD",2,"MM",3,"CD2_MM_3","CD2","Mono Mills",37.9075,-118.95347,"MM2",-75.0124334789745,71.4620979268344,53.9456441070489,34.817691333952,6.31286764459822,0.000453,0.999096,0.000452,1127.94,1037.55,1163.21,1,1.001,1.003
"CD",2,"MM",4,"CD2_MM_4","CD2","Mono Mills",37.9075,-118.95347,"MM2",-75.6231332456489,68.066427210828,52.6366570563859,33.4570126927218,3.83086060754059,0.000371,0.998913,0.000716,1562.71,727.21,686.27,1,1,1.001
"CD",2,"MM",5,"CD2_MM_5","CD2","Mono Mills",37.9075,-118.95347,"MM2",-75.8265584373919,72.5553307522855,59.0534857462812,37.7652447231749,5.81185433346039,0.00056,0.999081,0.000359,1206.97,1214.04,1217.51,1,1,1
"CD",2,"MM",6,"CD2_MM_6","CD2","Mono Mills",37.9075,-118.95347,"MM2",-75.3374874404684,72.3224138010653,56.1329096080971,36.238041201567,4.98561009359855,0.000264,0.999374,0.000363,2551.73,1704.09,1400.21,1.001,1.001,1.001
"CD",2,"MM",7,"CD2_MM_7","CD2","Mono Mills",37.9075,-118.95347,"MM2",-76.2929808866001,71.4482425590656,55.0251852117817,34.7982544530735,5.70687791819662,0.000532,0.998961,0.000507,1128.37,1153.23,1294.25,1.001,1,1.002
"CD",2,"MM",8,"CD2_MM_8","CD2","Mono Mills",37.9075,-118.95347,"MM2",-70.4807675455405,68.6008844391316,53.2864044738386,35.6653232246244,4.40634581076349,0.00744,0.990963,0.001597,489.7,447.21,434.99,1.002,1,1.004
"CD",2,"MM",9,"CD2_MM_9","CD2","Mono Mills",37.9075,-118.95347,"MM2",-75.4899962513155,71.3978569934782,56.9830539252331,37.3341771481773,5.86844031764968,3e-04,0.999195,0.000506,1539.53,1260.9,1219.86,1,1,1
"CD",2,"PM",10,"CD2_PM_10","CD2","Pomeroy Rd",46.1748,-117.5381,"PM2",83.7190976065464,-2.90399658316565,10.7702902858871,1.286294050344,-28.2748967891891,0.996987,0.002506,0.000507,368.81,316.25,1237.52,1.006,1.006,1.001
"CD",2,"PM",11,"CD2_PM_11","CD2","Pomeroy Rd",46.1748,-117.5381,"PM2",83.3363021463671,-2.90752086809984,10.4549001704056,0.102681739906222,-23.761665169859,0.978939,0.020396,0.000665,400.12,428.93,904.53,1.009,1.011,1.006
"CD",2,"PM",12,"CD2_PM_12","CD2","Pomeroy Rd",46.1748,-117.5381,"PM2",82.1733656080496,-3.21756484454485,9.80571953420247,1.01383760177391,-32.4027861984913,0.976184,0.022895,0.000921,791.78,774.72,884.6,1.002,1.002,1
"CD",2,"PM",1,"CD2_PM_1","CD2","Pomeroy Rd",46.1748,-117.5381,"PM2",86.7510452388727,-4.25148093203746,12.2461247782252,0.83899442055975,-24.0643646471713,0.997738,0.00193,0.000331,426.44,410.02,1573.38,1.002,1.002,1
"CD",2,"PM",2,"CD2_PM_2","CD2","Pomeroy Rd",46.1748,-117.5381,"PM2",86.0173099496497,-4.18202849972187,12.2398330339787,0.0236609084723534,-28.0122825309248,0.99881,0.000774,0.000416,924.58,778.7,1326.51,1.003,1.004,1
"CD",2,"PM",3,"CD2_PM_3","CD2","Pomeroy Rd",46.1748,-117.5381,"PM2",85.2218644868997,-3.55909654323232,11.3293130349886,0.575005954880095,-21.7139274287586,0.995387,0.004175,0.000438,264.23,267.28,1023.49,1.004,1.004,1
"CD",2,"PM",4,"CD2_PM_4","CD2","Pomeroy Rd",46.1748,-117.5381,"PM2",85.3216272659221,-3.86326232211654,11.7223388513745,0.817801844729572,-23.9196104819515,0.996746,0.00263,0.000624,323.4,304.21,847.76,1.003,1.005,1.004
"CD",2,"PM",5,"CD2_PM_5","CD2","Pomeroy Rd",46.1748,-117.5381,"PM2",84.9921394719896,-3.48572294205284,11.2802742951607,0.784465473243385,-33.5746925139651,0.990213,0.009423,0.000363,345.75,335.88,1375.4,1,1,1.004
"CD",2,"PM",6,"CD2_PM_6","CD2","Pomeroy Rd",46.1748,-117.5381,"PM2",85.3748561526817,-3.22911905672312,12.6957822886811,0.436948895458152,-28.796314253577,0.996086,0.003574,0.00034,420.42,406.61,1671.18,1.005,1.005,1.002
"CD",2,"PM",7,"CD2_PM_7","CD2","Pomeroy Rd",46.1748,-117.5381,"PM2",84.2699968343805,-4.45454117108931,10.6008005970585,0.820261612070023,-23.8576573074974,0.998314,0.001215,0.000471,577.7,514.08,1147.93,1.007,1.004,1.004
"CD",2,"PM",8,"CD2_PM_8","CD2","Pomeroy Rd",46.1748,-117.5381,"PM2",84.9124043803418,-4.14161322034927,11.383063127174,1.38371463902102,-19.3210228861813,0.992078,0.007364,0.000558,183.87,180.52,1073.35,1.007,1.008,1.002
"CD",2,"PM",9,"CD2_PM_9","CD2","Pomeroy Rd",46.1748,-117.5381,"PM2",84.2395735761593,-3.81754106356802,11.2902032870332,0.116911176629704,-28.4089983843068,0.992467,0.006882,0.000651,247.17,229.98,1036.55,1.006,1.006,1.001
"CD",2,"RC",10,"CD2_RC_10","CD2","Rush Creek",37.94942,-119.05962,"RC2",-75.6920883052794,70.7884370890845,54.7009487841147,34.7264040794447,4.87390039078549,0.000314,0.99923,0.000456,1717.78,1514.89,1467.98,1,1.003,1.004
"CD",2,"RC",11,"CD2_RC_11","CD2","Rush Creek",37.94942,-119.05962,"RC2",-75.1152781815066,67.7756251313428,50.4645560723045,31.5243812707864,4.75185320655282,0.000547,0.998597,0.000856,1343.12,797.23,691.07,1.003,1.005,1.005
"CD",2,"RC",12,"CD2_RC_12","CD2","Rush Creek",37.94942,-119.05962,"RC2",-77.3261613095023,76.1772696804317,61.5717720304405,40.0457581364039,5.10125309245968,2e-04,0.999543,0.000257,2741.82,2209.02,2097.27,1.001,1,1
"CD",2,"RC",1,"CD2_RC_1","CD2","Rush Creek",37.94942,-119.05962,"RC2",-75.8875018468292,70.8034624752612,53.6033531700585,34.3917363305557,4.76205744110686,0.000286,0.999281,0.000433,1815.53,1464.93,1378.26,1,1.001,1
"CD",2,"RC",2,"CD2_RC_2","CD2","Rush Creek",37.94942,-119.05962,"RC2",-78.9567340912269,81.0531145503074,66.7168898629667,44.1453287703373,6.07306574578195,0.000188,0.999582,0.000231,2443.46,2507.81,2360.44,1,1,1
"CD",2,"RC",3,"CD2_RC_3","CD2","Rush Creek",37.94942,-119.05962,"RC2",-73.9152999798484,70.1035600311457,55.0652556533102,34.6344657875011,5.04144397593306,0.00041,0.999188,0.000401,1261.92,1228.34,1295.36,1.002,1.002,1.001
"CD",2,"RC",4,"CD2_RC_4","CD2","Rush Creek",37.94942,-119.05962,"RC2",-76.3776525873743,76.1874544704533,60.9871473357246,39.8260670456655,5.60949071777647,0.000221,0.99953,0.000248,2520.8,2389.89,2335.95,1,1.001,1.001
"CD",2,"RC",5,"CD2_RC_5","CD2","Rush Creek",37.94942,-119.05962,"RC2",-80.1746597349094,80.9005700549782,67.0034153978242,43.8835927303294,6.05330094194374,0.000152,0.99962,0.000228,3319.28,2441.74,2187.94,1,1,1
"CD",2,"RC",6,"CD2_RC_6","CD2","Rush Creek",37.94942,-119.05962,"RC2",-75.7830899473755,73.186078556998,57.3758846681936,37.5974425031929,5.24059717083826,0.000245,0.9994,0.000355,2304.47,1729.5,1666.04,1,1.001,1
"CD",2,"RC",7,"CD2_RC_7","CD2","Rush Creek",37.94942,-119.05962,"RC2",-76.9431928564145,74.7523211059427,59.7867565904955,39.1791855305314,6.33593495449662,0.000217,0.99943,0.000354,2386.26,1928.79,1711.23,1,1,1.001
"CD",2,"RC",8,"CD2_RC_8","CD2","Rush Creek",37.94942,-119.05962,"RC2",-76.0793311450816,72.6717843357387,57.7768940808357,37.7526733662557,5.7314323710165,0.000254,0.999337,0.000409,2175.63,1387.95,1232.83,1.001,1,1
"CD",2,"RC",9,"CD2_RC_9","CD2","Rush Creek",37.94942,-119.05962,"RC2",-79.0195790865221,77.6373436045174,61.0254851379137,40.8964149308523,6.07760126325601,0.000197,0.999548,0.000256,3006.65,2728.77,2455.58,1,1.001,1.001
"CD",2,"SA",10,"CD2_SA_10","CD2","South Alkali",44.02841,-117.1935,"SA2",93.2819547649215,-2.82506212247458,16.6216932978989,-1.24962532070881,10.2075760650494,0.995649,0.004134,0.000217,295.11,294.5,2742.32,1.014,1.014,1.001
"CD",2,"SA",11,"CD2_SA_11","CD2","South Alkali",44.02841,-117.1935,"SA2",56.8680104952455,-30.2385135708216,7.88840321621193,11.521102998037,19.1595168440833,0.746747,0.05198,0.201273,2741.56,1173.94,2626.68,1.002,1.001,1
"CD",2,"SA",12,"CD2_SA_12","CD2","South Alkali",44.02841,-117.1935,"SA2",40.8001459299193,-20.2451880958856,-1.13334392012815,3.81808565717988,17.8117264196786,0.627537,0.194832,0.177631,2454.71,1892.26,2300.39,1,1.001,1.001
"CD",2,"SA",1,"CD2_SA_1","CD2","South Alkali",44.02841,-117.1935,"SA2",96.6754844251845,-4.56122156275167,17.8722222829696,-1.22009895423361,9.72412762233025,0.99629,0.003512,0.000198,382.22,377.31,3156.03,1.001,1.001,1
"CD",2,"SA",2,"CD2_SA_2","CD2","South Alkali",44.02841,-117.1935,"SA2",97.7731931255898,-4.62608349605542,17.832692132239,-0.310391389653138,10.3388149462007,0.998521,0.001273,0.000206,614.85,595.03,2793.11,1.004,1.004,1.001
"CD",2,"SA",3,"CD2_SA_3","CD2","South Alkali",44.02841,-117.1935,"SA2",95.6413223932554,-4.81244908970967,17.1625424689601,0.119510961690451,9.62157220374215,0.994052,0.005676,0.000272,361.38,358.88,1932.1,1.008,1.008,1
"CD",2,"SA",4,"CD2_SA_4","CD2","South Alkali",44.02841,-117.1935,"SA2",95.3828470108338,-4.33147542859717,16.9078176288307,0.0634108142968667,10.2117753432969,0.989809,0.009995,0.000196,454.3,452.56,2863.34,1.007,1.006,1.001
"CD",2,"SA",6,"CD2_SA_6","CD2","South Alkali",44.02841,-117.1935,"SA2",94.3396948702634,-3.99479890250207,16.5639766692491,-1.04625616757467,10.6912547880953,0.992898,0.006835,0.000267,312.82,315.59,1830.83,1.009,1.009,1.001
"CD",2,"SA",7,"CD2_SA_7","CD2","South Alkali",44.02841,-117.1935,"SA2",95.3098811468632,-4.2704278035596,18.140826893092,-0.920136142289074,11.6080952962138,0.984364,0.015352,0.000284,714.51,725.7,2180.92,1.003,1.003,1
"CD",2,"SA",8,"CD2_SA_8","CD2","South Alkali",44.02841,-117.1935,"SA2",97.8461898054052,-4.59329754816977,17.4040491370852,-1.55536308816985,11.312294567043,0.998384,0.001392,0.000224,539.47,518.15,2395.69,1.007,1.007,1
"CD",2,"SA",9,"CD2_SA_9","CD2","South Alkali",44.02841,-117.1935,"SA2",83.4578172780296,2.01594333190543,17.4281818924615,1.91650037361157,11.4019360422548,0.891327,0.10843,0.000244,2382.25,2377.18,1957.47,1.001,1.001,1.002
"CD",2,"SB",10,"CD2_SB_10","CD2","Stibnite Road MP7",44.9599,-115.38978,"SB2",96.6313440798433,-6.11265779704435,22.2572694776842,2.18550130592185,20.6816767165729,0.998812,0.00083,0.000358,806.15,764.8,1527.97,1.003,1.003,1.001
"CD",2,"SB",12,"CD2_SB_12","CD2","Stibnite Road MP7",44.9599,-115.38978,"SB2",98.0486848559247,-6.57467382254691,23.3616097299484,2.13731553529411,24.2087512317382,0.99926,0.000445,0.000295,1390.04,1145.2,1986.2,1,1,1.001
"CD",2,"SB",1,"CD2_SB_1","CD2","Stibnite Road MP7",44.9599,-115.38978,"SB2",97.7630694216002,-7.39938299064657,24.1696187809984,2.58827567591382,24.8213805305072,0.99912,0.000534,0.000346,1258.01,1215.98,1786.54,1.001,1.002,1
"CD",2,"SB",2,"CD2_SB_2","CD2","Stibnite Road MP7",44.9599,-115.38978,"SB2",97.4406652315925,-7.02128801731414,24.0504725678425,2.18233154579121,23.407795930442,0.998796,0.000809,0.000395,801.42,800.02,1331.18,1.003,1.006,1.002
"CD",2,"SB",3,"CD2_SB_3","CD2","Stibnite Road MP7",44.9599,-115.38978,"SB2",99.1468152813289,-7.39257617250112,25.6257702452975,2.02881888254103,26.3400412592053,0.998745,0.00082,0.000435,900.87,805.8,1206.36,1,1,1.003
"CD",2,"SB",4,"CD2_SB_4","CD2","Stibnite Road MP7",44.9599,-115.38978,"SB2",87.1893806657073,-9.56132416943654,19.3050880745766,3.47649402440778,27.6657370158876,0.936859,0.036408,0.026733,1452.88,1098.44,920.17,1.001,1.001,1.002
"CD",2,"SB",5,"CD2_SB_5","CD2","Stibnite Road MP7",44.9599,-115.38978,"SB2",94.2723525284083,-6.50988768399095,21.3142692496187,2.12023653911606,19.5751312496181,0.995359,0.000757,0.003884,445.17,807.79,407.26,1.003,1,1.004
"CD",2,"SB",7,"CD2_SB_7","CD2","Stibnite Road MP7",44.9599,-115.38978,"SB2",99.5549659179876,-7.55928388001723,26.9588746773534,3.31567438995321,28.62681340318,0.997857,0.000749,0.001394,714.69,946.24,753.85,1.003,1.005,1.003
"CD",2,"SB",8,"CD2_SB_8","CD2","Stibnite Road MP7",44.9599,-115.38978,"SB2",96.5353771326779,-6.55330399695184,22.1323588543783,1.92577288049201,21.0747123759605,0.999102,0.000542,0.000355,1258.62,983.86,1584.2,1.003,1.004,1
"CD",2,"SB",9,"CD2_SB_9","CD2","Stibnite Road MP7",44.9599,-115.38978,"SB2",88.7409728035937,-5.10260517072315,18.0689281209808,-0.873471708267017,22.4046900142046,0.936286,0.056813,0.006901,1279.97,1250.53,484.87,1.003,1.001,1.006
"CD",2,"UD",10,"CD2_UD_10","CD2","Upper Darling",44.63657,-114.27219,"UD2",96.3187448679093,-7.80233852040477,23.9796796856697,1.36029251572108,24.8080147140835,0.998772,0.000498,0.00073,905.97,1019.56,833.48,1.003,1,1.003
"CD",2,"UD",11,"CD2_UD_11","CD2","Upper Darling",44.63657,-114.27219,"UD2",97.0226578913424,-6.15101365757971,22.9155065421517,1.81808743501273,18.7385556890608,0.999179,0.00054,0.000281,1125.64,981.88,2092.3,1.002,1.001,1.002
"CD",2,"UD",12,"CD2_UD_12","CD2","Upper Darling",44.63657,-114.27219,"UD2",98.4442590009387,-6.46142110252136,25.2210370105312,3.26927654444519,23.9411843352368,0.999062,0.000632,0.000306,1107.64,967.72,1692.63,1.001,1.002,1.001
"CD",2,"UD",1,"CD2_UD_1","CD2","Upper Darling",44.63657,-114.27219,"UD2",97.0919137745432,-5.68155481938388,22.8680118119081,1.6949762990125,21.2974673814684,0.99888,0.000785,0.000335,932.24,830.26,1697.97,1.001,1.002,1.002
"CD",2,"UD",2,"CD2_UD_2","CD2","Upper Darling",44.63657,-114.27219,"UD2",94.4970871271284,-6.11712435330558,21.8792557940881,2.10745655045652,19.5476442231505,0.99704,0.002279,0.000682,517.36,482.45,780.02,1.001,1.003,1.004
"CD",2,"UD",3,"CD2_UD_3","CD2","Upper Darling",44.63657,-114.27219,"UD2",98.2227331625487,-6.59163383588572,23.5291190994245,2.81431326393879,22.9569762890808,0.99914,0.000572,0.000287,1228.71,1147.14,1870.29,1.001,1.001,1.001
"CD",2,"UD",4,"CD2_UD_4","CD2","Upper Darling",44.63657,-114.27219,"UD2",98.1395797913152,-6.23125818005873,25.0130110063855,1.36397055605352,23.2579197150208,0.999194,5e-04,0.000307,1242.7,1199.49,1821.82,1.001,1.002,1.001
"CD",2,"UD",6,"CD2_UD_6","CD2","Upper Darling",44.63657,-114.27219,"UD2",96.677843588975,-6.05239825184739,23.3180184347058,1.30837878933575,20.2706132620124,0.998331,0.00111,0.000559,747.12,732.18,1175.21,1.002,1.001,1.001
"CD",2,"UD",7,"CD2_UD_7","CD2","Upper Darling",44.63657,-114.27219,"UD2",97.1552812003644,-6.991849572723,23.9795653176961,2.52700511671855,22.9161985897491,0.998864,0.000623,0.000514,921.67,930.55,1025.43,1.001,1.001,1.003
"CD",2,"UD",8,"CD2_UD_8","CD2","Upper Darling",44.63657,-114.27219,"UD2",97.1847642511523,-6.2775914396016,22.5498030271724,1.45380313625651,21.5680259484479,0.998949,0.000648,0.000403,873.48,920.01,1190.88,1.002,1.002,1
"CD",2,"UD",9,"CD2_UD_9","CD2","Upper Darling",44.63657,-114.27219,"UD2",77.9081974925898,0.665596447668175,20.8183023659049,5.07964877875844,13.9186574305748,0.861351,0.137895,0.000754,2690,2625.65,859.91,1.002,1.001,1
"CD",4,"BB",10,"CD4_BB_10","CD4","Buckhorn Backcountry Byway",40.86578,-120.09511,"BB4",-28.2893469891444,45.0467489143361,-66.406504414464,-42.9557748735652,20.0680616445566,0.049915,0.855218,0.094867,1471.25,1343.09,1217.4,1,1.002,1.002
"CD",4,"BB",11,"CD4_BB_11","CD4","Buckhorn Backcountry Byway",40.86578,-120.09511,"BB4",-29.22162481249,46.2709427350687,-63.2059671060103,-39.8907011969481,17.8689491031253,0.073052,0.798476,0.128471,1706.6,1295.11,1153.82,1.001,1.001,1.001
"CD",4,"BB",12,"CD4_BB_12","CD4","Buckhorn Backcountry Byway",40.86578,-120.09511,"BB4",-30.0559398759937,46.2357889276673,-64.8278591167416,-41.6803545096889,18.1512534187216,0.056779,0.821432,0.121789,1356.28,1395.36,1218.21,1.002,1.002,1.003
"CD",4,"BB",1,"CD4_BB_1","CD4","Buckhorn Backcountry Byway",40.86578,-120.09511,"BB4",-29.8991553850632,45.7923195598668,-67.3170101223582,-42.6907370053319,19.2574514200633,0.067858,0.799637,0.132505,1537.63,1655.53,1296.97,1.002,1.003,1.004
"CD",4,"BB",2,"CD4_BB_2","CD4","Buckhorn Backcountry Byway",40.86578,-120.09511,"BB4",-29.4696987657715,46.420102667455,-66.8868896865587,-42.7770727556621,19.8082327876071,0.060773,0.832516,0.106711,1619.82,1493.27,1155.87,1.001,1,1
"CD",4,"BB",3,"CD4_BB_3","CD4","Buckhorn Backcountry Byway",40.86578,-120.09511,"BB4",-29.1678819600272,46.1130857362035,-65.9344860592126,-42.6057080313484,19.1795445891486,0.074191,0.7884,0.13741,1510.37,1427.57,1321.13,1,1,1.001
"CD",4,"BB",4,"CD4_BB_4","CD4","Buckhorn Backcountry Byway",40.86578,-120.09511,"BB4",-29.1248982670304,46.1976015057229,-65.7368511171038,-42.119862736391,18.5387547864744,0.053482,0.837607,0.108911,1368.61,1294.41,979.95,1.003,1.002,1.004
"CD",4,"BB",5,"CD4_BB_5","CD4","Buckhorn Backcountry Byway",40.86578,-120.09511,"BB4",-29.5408008400668,43.8142314008183,-64.7712696587101,-41.5162696255029,18.7839973907567,0.065065,0.804473,0.130462,1567.72,1551.94,1368.67,1.005,1.001,1
"CD",4,"BB",6,"CD4_BB_6","CD4","Buckhorn Backcountry Byway",40.86578,-120.09511,"BB4",-30.0257534554117,44.8969424211506,-59.4903208926005,-38.0912127117935,17.7006122675595,0.086648,0.779872,0.133481,1946.05,1911.45,1382.54,1.001,1.003,1.002
"CD",4,"BB",7,"CD4_BB_7","CD4","Buckhorn Backcountry Byway",40.86578,-120.09511,"BB4",-30.0083115334555,44.418943976673,-58.9093320554204,-38.7669129947278,17.4019031790785,0.071593,0.785235,0.143171,1505.02,1493.56,1337.99,1.001,1,1.001
"CD",4,"BB",8,"CD4_BB_8","CD4","Buckhorn Backcountry Byway",40.86578,-120.09511,"BB4",-29.0576696217175,46.235210304214,-67.5031632785456,-43.1951149099311,20.0165453225062,0.060732,0.816093,0.123175,1463.78,1265.33,1078.51,1,1.001,1.001
"CD",4,"BB",9,"CD4_BB_9","CD4","Buckhorn Backcountry Byway",40.86578,-120.09511,"BB4",-28.7821436931473,44.0497217266464,-63.5132392847039,-40.4662526950619,17.326798920956,0.072643,0.780587,0.146769,1682.58,1614.19,1421.16,1.001,1.002,1.003
"CD",4,"CC",10,"CD4_CC_10","CD4","Cherry Creek Range",40.06267,-114.86072,"CC4",-69.3285449230786,32.5398596797896,25.041407297644,-16.8403270605339,-4.13714351282703,0.022239,0.787537,0.190224,1532.58,1677.56,1933.73,1,1,1
"CD",4,"CC",11,"CD4_CC_11","CD4","Cherry Creek Range",40.06267,-114.86072,"CC4",-58.1405347754931,31.3992510410019,9.61475555499979,-20.7293807631513,-3.39203427776243,0.073126,0.748369,0.178505,2133.12,2060.78,1907.32,1.003,1,1.001
"CD",4,"CC",12,"CD4_CC_12","CD4","Cherry Creek Range",40.06267,-114.86072,"CC4",-65.5714928896053,31.9625802587347,17.9338731876039,-16.045768601966,-2.28962585609297,0.031707,0.770041,0.198251,1725.82,1608.52,1604,1,1.001,1.001
"CD",4,"CC",1,"CD4_CC_1","CD4","Cherry Creek Range",40.06267,-114.86072,"CC4",-71.5865692139628,33.9758027653849,24.7411457468781,-16.0627766255728,-3.14417647438806,0.028,0.778311,0.19369,1883.31,2161.92,1966.23,1,1.001,1.001
"CD",4,"CC",2,"CD4_CC_2","CD4","Cherry Creek Range",40.06267,-114.86072,"CC4",-68.1041374117505,27.6294793448037,24.6435476982056,-12.4477975187469,-3.17586047012018,0.049686,0.714104,0.23621,1767.74,2005.3,1997.88,1,1.004,1.003
"CD",4,"CC",3,"CD4_CC_3","CD4","Cherry Creek Range",40.06267,-114.86072,"CC4",-69.6037526437942,32.7336110823144,24.5084228441313,-13.8163909028966,-3.86864847896301,0.03678,0.765378,0.197842,1693.19,2057.82,1696.43,1,1.001,1.001
"CD",4,"CC",4,"CD4_CC_4","CD4","Cherry Creek Range",40.06267,-114.86072,"CC4",-69.4145746378541,33.6234786366328,24.3162829953503,-15.6414986384761,-3.51414221814771,0.016907,0.812645,0.170448,1841.53,1932.56,1828.87,1,1,1
"CD",4,"CC",5,"CD4_CC_5","CD4","Cherry Creek Range",40.06267,-114.86072,"CC4",-69.9335276401925,35.9092932315722,22.2498464359593,-14.7128777618501,-3.55227782315636,0.02425,0.79512,0.18063,1765.96,2085.79,1979.56,1.001,1,1
"CD",4,"CC",6,"CD4_CC_6","CD4","Cherry Creek Range",40.06267,-114.86072,"CC4",-68.179932898196,32.0468334845252,25.2180280286364,-17.9561879890804,-3.49882067184686,0.040661,0.764123,0.195215,2006.42,2141.86,1642.71,1.002,1.002,1.001
"CD",4,"CC",7,"CD4_CC_7","CD4","Cherry Creek Range",40.06267,-114.86072,"CC4",-71.1007785394276,34.553088385916,25.4880325913881,-15.613399327302,-3.17888185490009,0.030806,0.77876,0.190434,1817.25,2124.35,2268.94,1.001,1.001,1.001
"CD",4,"CC",8,"CD4_CC_8","CD4","Cherry Creek Range",40.06267,-114.86072,"CC4",-67.0910811799979,33.4393211402538,23.1810652132381,-13.5939401744062,-2.7503641419169,0.043701,0.746429,0.20987,1774.03,1950.89,1937.52,1,1,1
"CD",4,"CC",9,"CD4_CC_9","CD4","Cherry Creek Range",40.06267,-114.86072,"CC4",-70.2117253727945,31.5591961636998,26.319655605022,-18.1777533822699,-4.94848395614968,0.017102,0.803849,0.17905,1407.95,1720.27,1688.69,1.001,1,1.001
"CD",4,"CL",10,"CD4_CL_10","CD4","Clear Creek 1",38.95044,-117.35069,"CL4",-65.0313076326993,59.1752988906545,22.1592205915796,14.8327886645181,2.24919903813664,0.087393,0.762126,0.150481,2317.95,2445.33,1909.38,1,1.001,1.001
"CD",4,"CL",11,"CD4_CL_11","CD4","Clear Creek 1",38.95044,-117.35069,"CL4",-67.9610096747506,59.8057776772547,27.4198012539901,19.4159041625626,0.740200909946195,0.044477,0.809771,0.145751,1757.84,1552.16,1374.72,1.001,1,1.001
"CD",4,"CL",12,"CD4_CL_12","CD4","Clear Creek 1",38.95044,-117.35069,"CL4",-69.7113083008419,63.8953411688105,30.2765588255724,19.3763421400185,1.26965893889232,0.048876,0.828841,0.122283,1800.52,1874.29,1563.76,1.002,1,1.001
"CD",4,"CL",1,"CD4_CL_1","CD4","Clear Creek 1",38.95044,-117.35069,"CL4",-65.2567411819297,56.2548623519997,24.4601724963723,16.954730472721,3.3981362342853,0.077216,0.760335,0.162449,1991.42,1873.3,1893.78,1,1,1
"CD",4,"CL",2,"CD4_CL_2","CD4","Clear Creek 1",38.95044,-117.35069,"CL4",-69.3417504109505,63.3955605124292,29.2157956985502,19.0305709012227,1.14278189936497,0.033411,0.863644,0.102946,1730.46,1682.41,1437.46,1.001,1,1
"CD",4,"CL",3,"CD4_CL_3","CD4","Clear Creek 1",38.95044,-117.35069,"CL4",-70.0254212946823,62.2431852851269,31.2724493125837,17.4643381416897,1.13952980190303,0.018693,0.893126,0.088181,1666.27,1548.95,1465.44,1,1.004,1.004
"CD",4,"CL",4,"CD4_CL_4","CD4","Clear Creek 1",38.95044,-117.35069,"CL4",-66.387819786228,57.9218173147664,27.3916684629842,17.5422810110278,0.0251823508730865,0.029387,0.846222,0.124391,1723.06,1729.39,1594.42,1.001,1.003,1.004
"CD",4,"CL",5,"CD4_CL_5","CD4","Clear Creek 1",38.95044,-117.35069,"CL4",-68.0729699616647,61.6901104394527,27.630238732214,17.1957302278536,0.0731502361719027,0.055796,0.816078,0.128126,2009.73,1712.53,1691.91,1,1.001,1.001
"CD",4,"CL",6,"CD4_CL_6","CD4","Clear Creek 1",38.95044,-117.35069,"CL4",-68.2447901034014,60.0358795571461,28.1751426431316,18.0156097062855,1.37750579460017,0.063985,0.787824,0.148191,2086.84,2101.04,1820.52,1,1,1
"CD",4,"CL",8,"CD4_CL_8","CD4","Clear Creek 1",38.95044,-117.35069,"CL4",-66.1962968672593,58.641625164794,26.9620862995651,17.8230279349107,1.12339597961747,0.077583,0.764595,0.157823,2069.14,1731.79,1314.18,1,1,1.001
"CD",4,"CL",9,"CD4_CL_9","CD4","Clear Creek 1",38.95044,-117.35069,"CL4",-27.9511473167574,26.2104614693017,9.69103251994493,17.8557808413745,-7.42435879237203,0.174098,0.654976,0.170926,2512.51,2343.87,2101.77,1,1.001,1.001
"CD",4,"CT",10,"CD4_CT_10","CD4","Catnip Trail",41.90232,-119.43599,"CT4",-12.8212864403495,42.9090576470489,-59.4264493527862,-38.2919522046595,13.6276637179533,0.145383,0.742399,0.112218,2441.59,1738.57,1277.25,1,1.002,1.002
"CD",4,"CT",11,"CD4_CT_11","CD4","Catnip Trail",41.90232,-119.43599,"CT4",-9.32131698403257,46.5149438003061,-67.4447663528325,-45.3770827672057,15.340278739695,0.132012,0.812394,0.055594,2111.18,1964.1,1253.33,1.002,1.002,1.004
"CD",4,"CT",12,"CD4_CT_12","CD4","Catnip Trail",41.90232,-119.43599,"CT4",-13.802987401015,46.2331263854683,-63.6578509040837,-40.7540882699346,14.1265601567987,0.130522,0.791037,0.078442,1904.59,1611.95,1269.77,1,1.002,1.003
"CD",4,"CT",1,"CD4_CT_1","CD4","Catnip Trail",41.90232,-119.43599,"CT4",-16.0422218707948,45.3386584378964,-65.4681574312888,-41.092548650447,14.1594334169953,0.124154,0.784562,0.091285,2086.91,1871.77,1611.7,1,1.001,1.002
"CD",4,"CT",2,"CD4_CT_2","CD4","Catnip Trail",41.90232,-119.43599,"CT4",-12.9535723804245,42.7898086378051,-59.6668214546089,-40.2003754255479,14.0807991197211,0.147248,0.750851,0.101901,2357.78,1797.55,1489.65,1.001,1.002,1.002
"CD",4,"CT",3,"CD4_CT_3","CD4","Catnip Trail",41.90232,-119.43599,"CT4",-10.9770355883755,35.84728305377,-47.3755402530434,-29.9583856984927,8.49748704070035,0.162399,0.65342,0.184181,2380.88,2228.54,1887.6,1.001,1.002,1.002
"CD",4,"CT",4,"CD4_CT_4","CD4","Catnip Trail",41.90232,-119.43599,"CT4",-12.7397138716983,44.9571003053342,-65.4374379701488,-43.2514807142186,12.3768724945666,0.124203,0.813494,0.062303,2286.04,1871.24,1319.65,1,1.001,1.001
"CD",4,"CT",5,"CD4_CT_5","CD4","Catnip Trail",41.90232,-119.43599,"CT4",-12.84159761845,44.7550550774851,-63.3418909449591,-41.5346539589517,13.5451208838071,0.114297,0.817021,0.068682,1742.09,1824.02,1417.17,1.003,1.001,1.001
"CD",4,"CT",6,"CD4_CT_6","CD4","Catnip Trail",41.90232,-119.43599,"CT4",-6.534823099945,46.0997566653876,-66.0157618615265,-43.8645602383568,16.4464930468576,0.147399,0.810444,0.042158,1878.61,1808.58,1235.52,1.001,1,1.005
"CD",4,"CT",7,"CD4_CT_7","CD4","Catnip Trail",41.90232,-119.43599,"CT4",-5.36618239106327,40.9639548604014,-60.7336623183562,-40.2859211488711,16.3479212017903,0.159242,0.758212,0.082546,2258.2,1821.14,1339.92,1,1.001,1.001
"CD",4,"CT",8,"CD4_CT_8","CD4","Catnip Trail",41.90232,-119.43599,"CT4",-12.0536504120093,41.9572123888515,-60.2022479241683,-39.9276198492385,13.04030998877,0.147773,0.742331,0.109897,2205.12,1975.96,1673.08,1,1.001,1.002
"CD",4,"CT",9,"CD4_CT_9","CD4","Catnip Trail",41.90232,-119.43599,"CT4",-14.8249530551221,45.4841545669959,-67.4458255599212,-43.2917591135737,13.8860834859897,0.132418,0.775761,0.091821,1960.2,2038.16,1522.47,1.001,1.002,1.002
"CD",4,"MC",10,"CD4_MC_10","CD4","Mann Creek Reservoir",44.39673,-116.9002,"MC4",95.5343128399617,-4.32207992135114,16.7161612768391,-0.721960223830708,12.0611293837408,0.665219,0.25513,0.079652,2530.86,1995.25,1508.08,1,1.001,1.001
"CD",4,"MC",11,"CD4_MC_11","CD4","Mann Creek Reservoir",44.39673,-116.9002,"MC4",96.7981069355697,-5.3896287820898,16.7794503210889,-0.173797240765003,10.5065440366697,0.648595,0.273686,0.077719,2174.74,1974.83,1386.87,1,1.001,1.004
"CD",4,"MC",12,"CD4_MC_12","CD4","Mann Creek Reservoir",44.39673,-116.9002,"MC4",96.302427596799,-4.45258433776568,19.1737247097975,0.458193715448288,15.8062415028981,0.762745,0.189086,0.04817,2230.73,1890.99,1465.21,1,1.001,1.001
"CD",4,"MC",1,"CD4_MC_1","CD4","Mann Creek Reservoir",44.39673,-116.9002,"MC4",95.2738937086904,-4.67798752426767,16.2566304373424,0.593328184439158,10.6929847470555,0.489832,0.387862,0.122306,2309.99,2136.5,1507.16,1.001,1.001,1.001
"CD",4,"MC",2,"CD4_MC_2","CD4","Mann Creek Reservoir",44.39673,-116.9002,"MC4",99.3980049717763,-5.88548764084602,17.8110014403044,-0.808874641246117,14.6166749608566,0.738372,0.207271,0.054357,2318.49,2184.52,1400.11,1.001,1,1.001
"CD",4,"MC",3,"CD4_MC_3","CD4","Mann Creek Reservoir",44.39673,-116.9002,"MC4",95.0330248374374,-2.96789997011321,16.5084384881286,0.0929793764999726,10.353589732198,0.624752,0.301751,0.073497,2564.1,2173.39,1411.15,1.001,1,1.001
"CD",4,"MC",4,"CD4_MC_4","CD4","Mann Creek Reservoir",44.39673,-116.9002,"MC4",94.7852496423667,-3.74124820115376,15.2221410870812,-0.458211265925213,11.5802757318174,0.607068,0.305813,0.08712,2515.76,1961.04,1381.59,1,1.001,1.001
"CD",4,"MC",5,"CD4_MC_5","CD4","Mann Creek Reservoir",44.39673,-116.9002,"MC4",91.2598522803508,-4.69743867185387,16.1836696017194,1.37562464124993,10.0962334816599,0.59803,0.295268,0.106702,1953.96,1731.07,1146.14,1.001,1.002,1.003
"CD",4,"MC",6,"CD4_MC_6","CD4","Mann Creek Reservoir",44.39673,-116.9002,"MC4",100.533795402643,-5.39569023289786,17.6600016837391,0.240854279713882,13.8407900572545,0.804781,0.160868,0.034351,2753.11,2304.39,1417.04,1.001,1.001,1.004
"CD",4,"MC",7,"CD4_MC_7","CD4","Mann Creek Reservoir",44.39673,-116.9002,"MC4",81.0898063180592,-4.45494563137452,9.56615827203924,1.8906507626939,11.7854905887852,0.560023,0.333153,0.106824,2971.36,2488.1,1875.3,1,1,1
"CD",4,"MC",8,"CD4_MC_8","CD4","Mann Creek Reservoir",44.39673,-116.9002,"MC4",96.3513065149917,-4.34931973615623,16.7472066276917,-0.375324162246721,13.1198727624042,0.747729,0.195251,0.05702,2152.87,2092.3,1252.7,1.001,1,1.002
"CD",4,"MC",9,"CD4_MC_9","CD4","Mann Creek Reservoir",44.39673,-116.9002,"MC4",97.4356565161215,-4.45244019423681,18.4298446936265,-0.134073010779562,11.9301625651813,0.685689,0.25353,0.060782,2398.88,1956.57,1473.09,1.001,1.001,1.001
"CD",4,"MP",10,"CD4_MP_10","CD4","Montpelier Reservoir",42.34429,-111.17634,"MP4",-57.3587177771615,-88.5253698528102,-40.1612265822871,60.9440888114256,28.0932628363177,0.037651,0.226204,0.736145,2014.25,2262.13,2705.88,1.001,1.002,1.001
"CD",4,"MP",11,"CD4_MP_11","CD4","Montpelier Reservoir",42.34429,-111.17634,"MP4",-58.6855212243925,-89.979518267345,-38.7678277129666,62.1664473989542,29.2265824075774,0.031373,0.213392,0.755235,2104.47,2574.21,3074.85,1,1.001,1.001
"CD",4,"MP",12,"CD4_MP_12","CD4","Montpelier Reservoir",42.34429,-111.17634,"MP4",-57.9915099516048,-86.632204097241,-33.5943996156594,54.0656091346097,22.8317558245857,0.06792,0.327115,0.604966,1708.8,2184.69,2467.81,1.001,1.001,1.002
"CD",4,"MP",1,"CD4_MP_1","CD4","Montpelier Reservoir",42.34429,-111.17634,"MP4",-55.4952904738022,-85.8948992620445,-33.9650194820606,54.7517780122442,21.3888434839706,0.077655,0.330868,0.591477,1875.07,1840.88,2264.09,1.001,1.003,1.004
"CD",4,"MP",2,"CD4_MP_2","CD4","Montpelier Reservoir",42.34429,-111.17634,"MP4",-55.1388629056129,-89.2518160440127,-37.4167157532692,59.8508318864769,26.2732548158392,0.035352,0.198678,0.76597,1794.45,2341.66,2977.76,1.003,1,1.001
"CD",4,"MP",3,"CD4_MP_3","CD4","Montpelier Reservoir",42.34429,-111.17634,"MP4",-58.446690801719,-91.5019171202451,-38.3974919919109,61.7247797760316,28.4057861569355,0.047865,0.245385,0.70675,2038.31,2020.86,2636.87,1.002,1.002,1.001
"CD",4,"MP",4,"CD4_MP_4","CD4","Montpelier Reservoir",42.34429,-111.17634,"MP4",-56.2037825333171,-91.2403194926649,-38.5331536983103,62.6076161841853,29.0260856195827,0.050398,0.23313,0.716472,1982.18,2214.4,3125.06,1.003,1.001,1.001
"CD",4,"MP",5,"CD4_MP_5","CD4","Montpelier Reservoir",42.34429,-111.17634,"MP4",-57.1700004456938,-91.4506167837083,-37.4017699093046,61.5439722834147,27.6068449783894,0.031221,0.187111,0.781668,1703.02,1883.92,2622.89,1,1.001,1.001
"CD",4,"MP",6,"CD4_MP_6","CD4","Montpelier Reservoir",42.34429,-111.17634,"MP4",-56.027952024268,-87.4018297375325,-34.1548237082317,57.066978170559,23.3618882054617,0.039118,0.209733,0.751149,1601.47,2148.77,2194.12,1.002,1.002,1.002
"CD",4,"MP",7,"CD4_MP_7","CD4","Montpelier Reservoir",42.34429,-111.17634,"MP4",-56.1623821141293,-93.030839903161,-39.1441653405634,61.9413519892465,26.7604269514242,0.051603,0.248983,0.699414,1886.72,2078.51,2430.96,1.004,1.002,1.002
"CD",4,"MP",8,"CD4_MP_8","CD4","Montpelier Reservoir",42.34429,-111.17634,"MP4",-54.3805987693007,-87.7524862951189,-35.3420619143107,59.0636975700221,24.984041999253,0.067698,0.281313,0.650989,2007.58,2089.36,2732.34,1,1,1
"CD",4,"MP",9,"CD4_MP_9","CD4","Montpelier Reservoir",42.34429,-111.17634,"MP4",-57.8330634925678,-89.7941130617382,-36.9231834294187,60.224548230904,29.8989257151594,0.032401,0.195688,0.771911,2027.91,2516.35,2925.8,1.001,1,1
"CD",4,"OV",10,"CD4_OV_10","CD4","Onion Valley Reservoir",41.69626,-118.7433,"OV4",-14.9855495707454,47.8994768032915,-62.0161197604552,-41.0297886070398,11.14926947446,0.109558,0.834646,0.055795,2165.82,1859.62,1382.69,1,1.001,1.001
"CD",4,"OV",11,"CD4_OV_11","CD4","Onion Valley Reservoir",41.69626,-118.7433,"OV4",-13.3870679653364,44.0054388071766,-58.1071649560829,-37.2162529920059,10.0418380063061,0.130259,0.790559,0.079181,2271.67,1962.84,1286.98,1.001,1,1.001
"CD",4,"OV",12,"CD4_OV_12","CD4","Onion Valley Reservoir",41.69626,-118.7433,"OV4",-11.9959436316382,45.3431407082062,-60.9808578949078,-37.7303429546747,12.6663024597316,0.135221,0.804055,0.060723,2085.07,2006.3,1158.59,1.001,1.002,1.007
"CD",4,"OV",1,"CD4_OV_1","CD4","Onion Valley Reservoir",41.69626,-118.7433,"OV4",-17.5109231882724,46.4484931132112,-63.0258971754671,-39.8816753996341,10.7072160622045,0.119558,0.796614,0.083829,1971.45,1891.03,1403.89,1,1,1.001
"CD",4,"OV",2,"CD4_OV_2","CD4","Onion Valley Reservoir",41.69626,-118.7433,"OV4",-14.0520089261126,45.9221108543912,-60.0331668505868,-39.3839327422342,10.1520699191581,0.121453,0.811743,0.066804,2021.39,1911.47,1382.51,1.001,1.001,1.001
"CD",4,"OV",3,"CD4_OV_3","CD4","Onion Valley Reservoir",41.69626,-118.7433,"OV4",-7.98521632477023,43.074057597007,-57.340254495146,-37.3904068017414,11.0508164825897,0.142086,0.78712,0.070794,2402.37,1915.38,1423.01,1,1.002,1.004
"CD",4,"OV",4,"CD4_OV_4","CD4","Onion Valley Reservoir",41.69626,-118.7433,"OV4",-10.6979298555076,39.7362303826343,-57.719547578627,-42.1194387595143,13.0565544707514,0.135124,0.773668,0.091208,2027.03,1964.1,1382.63,1.001,1.001,1.002
"CD",4,"OV",5,"CD4_OV_5","CD4","Onion Valley Reservoir",41.69626,-118.7433,"OV4",-3.57565572521576,25.8886866775676,-34.3986324013156,-16.7309908242953,11.1808223423304,0.21494,0.65587,0.12919,3101.43,2602.5,1942.85,1.001,1.001,1.001
"CD",4,"OV",6,"CD4_OV_6","CD4","Onion Valley Reservoir",41.69626,-118.7433,"OV4",-16.8683013547822,47.711885756302,-62.7764682019523,-38.4839745794674,9.54341495142611,0.116491,0.809498,0.074011,1965.34,1902.08,1558.17,1.001,1.001,1.003
"CD",4,"OV",7,"CD4_OV_7","CD4","Onion Valley Reservoir",41.69626,-118.7433,"OV4",-17.0040300437814,46.288802460597,-58.2309923271131,-37.0921464523434,10.1965212200142,0.118046,0.798097,0.083857,2030.48,1822.63,1417.01,1,1.001,1.001
"CD",4,"OV",8,"CD4_OV_8","CD4","Onion Valley Reservoir",41.69626,-118.7433,"OV4",-16.8811729802926,46.8903483176804,-56.810860528393,-36.3189591206657,10.5679785344533,0.110339,0.824528,0.065133,1866.64,1868.12,931.3,1,1.002,1.002
"CD",4,"OV",9,"CD4_OV_9","CD4","Onion Valley Reservoir",41.69626,-118.7433,"OV4",-13.4398738629057,46.4899790489255,-59.7461628642468,-39.1786473219836,11.9975247216879,0.113724,0.827818,0.058457,1937.08,1667.7,1322.99,1,1,1.001
"CD",4,"SF",10,"CD4_SF_10","CD4","South Fork Chikahominy",43.53497,-119.70915,"SF4",50.7208301815297,14.1895570598858,-18.710881041465,-18.3497351313631,9.14024973556592,0.377082,0.524548,0.09837,2900.76,2600.9,1937.26,1.001,1,1.001
"CD",4,"SF",11,"CD4_SF_11","CD4","South Fork Chikahominy",43.53497,-119.70915,"SF4",62.2452378389659,10.7788521948443,-12.5104745837541,-15.9659159335326,6.90305227435576,0.482997,0.445752,0.071252,2918.46,2324.88,1497.64,1,1.001,1.001
"CD",4,"SF",12,"CD4_SF_12","CD4","South Fork Chikahominy",43.53497,-119.70915,"SF4",51.9524796320136,-8.07478225890761,-10.3127907580272,-4.98009855526172,16.105995128631,0.399174,0.43754,0.163285,2848.14,2717.97,2260.14,1.001,1.001,1.001
"CD",4,"SF",1,"CD4_SF_1","CD4","South Fork Chikahominy",43.53497,-119.70915,"SF4",12.9798408358257,31.5319994894799,36.1171962349948,26.3033734516831,3.32361596030288,0.332215,0.580467,0.087318,3212.88,3039.75,2038.94,1,1,1.001
"CD",4,"SF",2,"CD4_SF_2","CD4","South Fork Chikahominy",43.53497,-119.70915,"SF4",62.6039628625594,11.6935416730237,-12.2419964922504,-14.8717493010775,5.82621095228807,0.4434,0.47601,0.080591,2823.44,2171.15,1392.12,1,1.001,1.002
"CD",4,"SF",3,"CD4_SF_3","CD4","South Fork Chikahominy",43.53497,-119.70915,"SF4",65.0697107948837,9.29055966646248,-11.3290480860837,-14.9675975973265,5.51659775187548,0.534501,0.403089,0.06241,1940.93,1775.15,1162.47,1.002,1.001,1
"CD",4,"SF",4,"CD4_SF_4","CD4","South Fork Chikahominy",43.53497,-119.70915,"SF4",60.6503742628961,12.1229266772224,-14.7869015647231,-18.0479152812567,7.3320119433389,0.527671,0.422629,0.0497,2606.58,1978.56,1267.32,1.001,1.001,1.001
"CD",4,"SF",5,"CD4_SF_5","CD4","South Fork Chikahominy",43.53497,-119.70915,"SF4",62.5868436879871,10.6852932579353,-10.4099154908885,-14.7616230145952,6.42310523871731,0.51689,0.414823,0.068288,2519.73,2069.85,1377.88,1.001,1.001,1
"CD",4,"SF",6,"CD4_SF_6","CD4","South Fork Chikahominy",43.53497,-119.70915,"SF4",61.9665358991857,11.0217378073397,-11.8864134668319,-15.1594867067101,7.03925585550366,0.488527,0.444566,0.066907,2474.75,2035.76,1256.9,1,1.002,1.003
"CD",4,"SF",7,"CD4_SF_7","CD4","South Fork Chikahominy",43.53497,-119.70915,"SF4",63.7871293760599,10.9131421281072,-11.4419760226101,-14.0803998704966,6.84813478770798,0.488292,0.443357,0.068352,2550.54,2007.12,1118.78,1.001,1,1.002
"CD",4,"SF",8,"CD4_SF_8","CD4","South Fork Chikahominy",43.53497,-119.70915,"SF4",63.5706686811094,9.51651979927834,-11.1514276156935,-14.4425306739797,7.42448278904367,0.448916,0.464549,0.086535,2902.64,2444.2,1697.01,1.001,1.001,1
"CD",4,"SF",9,"CD4_SF_9","CD4","South Fork Chikahominy",43.53497,-119.70915,"SF4",59.6962754235619,11.8803226444219,-14.768338263108,-16.027607800868,5.26361868226346,0.50278,0.43927,0.05795,2618.46,2506.12,1342.87,1.001,1.002,1.003
"CD",4,"SO",10,"CD4_SO_10","CD4","Sonoma Range",40.92301,-117.63468,"SO4",-68.6323868070316,-89.8708200807906,-17.7105409621411,29.5176222728282,27.7207354989199,0.072761,0.384868,0.542371,2238.4,2852.29,3146,1.001,1.001,1.001
"CD",4,"SO",11,"CD4_SO_11","CD4","Sonoma Range",40.92301,-117.63468,"SO4",-70.0360544583736,-87.7558009071124,-16.6190982596714,34.8922726912082,33.3679822086381,0.055318,0.350561,0.594121,2249.16,2721.12,2971.81,1.001,1.001,1.003
"CD",4,"SO",12,"CD4_SO_12","CD4","Sonoma Range",40.92301,-117.63468,"SO4",-70.7968822806313,-99.8476002774677,-17.9942202892285,34.6185362308173,33.6564787207568,0.060425,0.312954,0.626622,2203.18,2799.19,3183.3,1,1,1
"CD",4,"SO",2,"CD4_SO_2","CD4","Sonoma Range",40.92301,-117.63468,"SO4",-8.03003711886301,-71.0440768001146,-5.5113604875551,25.8896412198567,33.4570073586665,0.232003,0.376481,0.391515,3250.19,2753.58,3305.53,1,1.001,1
"CD",4,"SO",3,"CD4_SO_3","CD4","Sonoma Range",40.92301,-117.63468,"SO4",-69.2365579728421,-95.2106217603271,-14.8511942598345,30.1131235639861,28.9261889746537,0.067486,0.347331,0.585184,2298.21,2538.62,2917.52,1.001,1.001,1.001
"CD",4,"SO",4,"CD4_SO_4","CD4","Sonoma Range",40.92301,-117.63468,"SO4",-66.7420446964591,-86.8203739945944,-17.2870847641154,31.7318592570357,25.5399532648504,0.073507,0.385544,0.540949,1791.13,2487.56,2849.87,1.001,1,1
"CD",4,"SO",5,"CD4_SO_5","CD4","Sonoma Range",40.92301,-117.63468,"SO4",-69.1862140718763,-93.7885260207201,-18.5681501297449,33.9090502569763,31.0404275484679,0.062369,0.337337,0.600295,2188.15,2862.5,3180.75,1,1,1.001
"CD",4,"SO",6,"CD4_SO_6","CD4","Sonoma Range",40.92301,-117.63468,"SO4",-32.1250844650014,-58.316088646275,-5.77730519990051,13.6184978858938,25.6483505533695,0.174099,0.428867,0.397034,3107.16,2906.03,3296.33,1.003,1.001,1.003
"CD",4,"SO",7,"CD4_SO_7","CD4","Sonoma Range",40.92301,-117.63468,"SO4",-68.1858747823456,-92.9051371043004,-16.4676912043553,33.1734566825504,31.0769014951857,0.05605,0.320503,0.623447,2090.42,2650.97,3018.68,1,1.001,1.001
"CD",4,"SO",8,"CD4_SO_8","CD4","Sonoma Range",40.92301,-117.63468,"SO4",-67.4675336438261,-93.6190575007451,-16.9596106548682,30.4439606482828,30.7709955568822,0.062621,0.330774,0.606605,2014.59,2679.23,3043.29,1.002,1.001,1.001
"CD",4,"SO",9,"CD4_SO_9","CD4","Sonoma Range",40.92301,-117.63468,"SO4",-70.080564137254,-88.683127692174,-14.2296576270051,30.3082951697584,30.3999253741103,0.052192,0.336849,0.610959,2193.22,2641.32,3175.03,1.001,1.002,1.001
"CD",4,"ST",10,"CD4_ST_10","CD4","Schell Creek Range #4",38.76514,-114.75175,"ST4",-86.9068584633422,-107.41432018208,65.9816590407327,-107.149550239115,-16.1550408132546,0.022607,0.174826,0.802567,2347.05,2561.69,2792.06,1,1.001,1.001
"CD",4,"ST",11,"CD4_ST_11","CD4","Schell Creek Range #4",38.76514,-114.75175,"ST4",-86.2959164471894,-108.109625264186,72.5313482770182,-116.051025649206,-16.9178585577852,0.018867,0.158235,0.822898,2190.83,2839.15,3349.96,1,1.001,1.001
"CD",4,"ST",12,"CD4_ST_12","CD4","Schell Creek Range #4",38.76514,-114.75175,"ST4",-89.453790822781,-112.83525747753,73.7091187393856,-118.976263403517,-17.8837397395929,0.012842,0.117577,0.86958,2373.76,2838.27,3046.37,1,1,1
"CD",4,"ST",1,"CD4_ST_1","CD4","Schell Creek Range #4",38.76514,-114.75175,"ST4",-89.6249844128707,-108.4262612919,72.2206676929046,-113.850047245185,-15.8640428553343,0.013916,0.149511,0.836573,2534.89,2754.31,3110,1,1.001,1.001
"CD",4,"ST",2,"CD4_ST_2","CD4","Schell Creek Range #4",38.76514,-114.75175,"ST4",-90.4091999003568,-112.94004566628,72.8433103452955,-118.686648952801,-16.3747374337061,0.010729,0.111891,0.87738,2706.98,2657.7,3316.37,1,1.002,1.002
"CD",4,"ST",3,"CD4_ST_3","CD4","Schell Creek Range #4",38.76514,-114.75175,"ST4",-75.4882289195763,-107.314217511252,71.185789491588,-111.27985589531,-15.6182332820175,0.041599,0.174717,0.783684,2298.82,2535.45,3229.82,1.001,1.001,1.001
"CD",4,"ST",4,"CD4_ST_4","CD4","Schell Creek Range #4",38.76514,-114.75175,"ST4",-88.392173152567,-112.246618986825,71.8306831808233,-116.230491746145,-17.7182862594016,0.012433,0.101228,0.886339,2600.91,2851.84,3309.86,1.001,1,1
"CD",4,"ST",5,"CD4_ST_5","CD4","Schell Creek Range #4",38.76514,-114.75175,"ST4",-90.5112716547289,-115.642657633798,77.114172781131,-124.112190291268,-18.5285426540301,0.010031,0.095768,0.894201,2371.81,2911.45,3371.51,1.001,1,1
"CD",4,"ST",6,"CD4_ST_6","CD4","Schell Creek Range #4",38.76514,-114.75175,"ST4",-89.0415119644583,-111.27588366584,72.5461260789969,-117.442471947089,-17.1295670407599,0.012382,0.117475,0.870144,2394.82,2928.69,3663.96,1.001,1,1
"CD",4,"ST",7,"CD4_ST_7","CD4","Schell Creek Range #4",38.76514,-114.75175,"ST4",-89.8269288622722,-114.629987680625,75.5839020951405,-121.815128715246,-16.8219472487141,0.009558,0.085886,0.904556,2595.81,2733.11,3167.9,1,1.002,1.001
"CD",4,"ST",8,"CD4_ST_8","CD4","Schell Creek Range #4",38.76514,-114.75175,"ST4",-89.2384454705074,-110.209719235941,70.5949746137045,-113.788088735279,-17.03918851719,0.010341,0.106204,0.883455,2308.23,2585.48,3010.67,1,1,1
"CD",4,"ST",9,"CD4_ST_9","CD4","Schell Creek Range #4",38.76514,-114.75175,"ST4",-87.8960784410041,-108.622602208992,67.9269172073048,-110.552966769457,-14.9974815794399,0.009912,0.09654,0.893548,2417.9,2946.9,3345.4,1,1,1
"CD",4,"TR",10,"CD4_TR_10","CD4","Trapper Creek Road",42.13646,-114.09426,"TR4",2.7727720420093,-19.7419953538113,-26.7706533201308,25.1587873828289,-71.6039213217436,0.25298,0.500384,0.246636,2211.21,1674.57,1540.97,1,1.003,1.003
"CD",4,"TR",11,"CD4_TR_11","CD4","Trapper Creek Road",42.13646,-114.09426,"TR4",2.9161655731858,-19.0989266067561,-26.0706877888129,25.8103762897255,-77.9998806926525,0.259014,0.513374,0.227612,2291.67,1684.3,1572.7,1,1,1
"CD",4,"TR",12,"CD4_TR_12","CD4","Trapper Creek Road",42.13646,-114.09426,"TR4",3.80104316988874,-20.1109395463137,-28.4459365817924,28.1029128473783,-79.6159576188568,0.279071,0.490354,0.230575,2438.54,1880.5,1680.96,1,1.002,1.004
"CD",4,"TR",1,"CD4_TR_1","CD4","Trapper Creek Road",42.13646,-114.09426,"TR4",11.4250093275544,-21.2317048043435,-20.9047910127319,21.5789416685441,-57.8380465528382,0.256197,0.525773,0.21803,2218.73,1959.99,1896.27,1.001,1.001,1.001
"CD",4,"TR",2,"CD4_TR_2","CD4","Trapper Creek Road",42.13646,-114.09426,"TR4",6.33468770863076,-20.1737402621966,-25.5009588622693,27.1909160000331,-78.0519776538004,0.291909,0.472204,0.235887,2267.74,1738.73,1374.55,1.003,1.001,1
"CD",4,"TR",3,"CD4_TR_3","CD4","Trapper Creek Road",42.13646,-114.09426,"TR4",-28.6445621388666,24.1754810562875,10.9480691978888,33.1420195323987,-42.4295125905513,0.179628,0.674995,0.145378,2723.98,2612.03,1920.76,1,1,1.001
"CD",4,"TR",4,"CD4_TR_4","CD4","Trapper Creek Road",42.13646,-114.09426,"TR4",6.30962338257523,-15.7581048072287,-30.6840336431576,24.6338882011136,-83.5362180006752,0.296021,0.502827,0.201152,2348.33,2136.54,1649.63,1.004,1.001,1.001
"CD",4,"TR",5,"CD4_TR_5","CD4","Trapper Creek Road",42.13646,-114.09426,"TR4",2.64068231175812,-19.3499989338325,-25.7230208489753,25.2440395002699,-72.8352022701129,0.245599,0.508759,0.245642,2021.89,1864.95,1499.71,1.001,1,1.001
"CD",4,"TR",6,"CD4_TR_6","CD4","Trapper Creek Road",42.13646,-114.09426,"TR4",8.30412051894205,-20.2566191208345,-22.1982134931169,24.4000057845564,-65.9328469312715,0.256217,0.505474,0.23831,1846.94,1662.21,1333.75,1.003,1.001,1.004
"CD",4,"TR",7,"CD4_TR_7","CD4","Trapper Creek Road",42.13646,-114.09426,"TR4",3.58687175769394,-14.9804892653917,-25.1611982833073,21.589786152271,-69.9460280730343,0.250834,0.546889,0.202277,2573.45,1931.28,1763.77,1.001,1.001,1.001
"CD",4,"TR",8,"CD4_TR_8","CD4","Trapper Creek Road",42.13646,-114.09426,"TR4",5.82304761137741,-18.5968381690747,-26.6336212855862,27.1550285857694,-79.1627277927208,0.313244,0.473274,0.213483,2362.65,1957.82,1464.42,1.001,1.001,1.001
"CD",4,"TR",9,"CD4_TR_9","CD4","Trapper Creek Road",42.13646,-114.09426,"TR4",4.77178061240551,-19.0941109978276,-29.9173230339772,24.74855688368,-78.1935148995767,0.282022,0.485023,0.232955,2355.53,1886.71,1618.4,1,1,1.001
"CD",4,"WM",10,"CD4_WM_10","CD4","Winnemucca Mountain",41.01334,-117.78088,"WM4",-41.1001114163517,48.9669642185491,-46.2343794611268,-25.5664708411808,1.49100020928522,0.057061,0.845284,0.097655,1758.16,1665.34,1592.22,1.001,1,1
"CD",4,"WM",11,"CD4_WM_11","CD4","Winnemucca Mountain",41.01334,-117.78088,"WM4",-39.9743154578337,46.8896450369354,-44.6300105540731,-23.7841444538251,-0.40565438958126,0.063144,0.831862,0.104994,1798.44,1657.61,1352.63,1.001,1.001,1.003
"CD",4,"WM",12,"CD4_WM_12","CD4","Winnemucca Mountain",41.01334,-117.78088,"WM4",-24.6137164721798,26.9509786378703,-36.1738606877639,-8.82767477517838,-2.3427210730403,0.145534,0.708622,0.145843,2481.9,2445.89,1922.96,1,1,1.001
"CD",4,"WM",1,"CD4_WM_1","CD4","Winnemucca Mountain",41.01334,-117.78088,"WM4",-41.0981363189399,50.1997191067277,-44.9737587636349,-26.3230535806867,0.506463260691043,0.0385,0.878104,0.083396,1321.63,1500.91,1416.53,1.002,1,1.001
"CD",4,"WM",2,"CD4_WM_2","CD4","Winnemucca Mountain",41.01334,-117.78088,"WM4",-39.714400272862,48.5627874104406,-45.3236711202113,-25.418633410251,0.915724924406453,0.05035,0.855381,0.09427,1670.64,1654.54,1377.38,1.002,1.002,1
"CD",4,"WM",3,"CD4_WM_3","CD4","Winnemucca Mountain",41.01334,-117.78088,"WM4",-41.2180678408342,49.08513777638,-45.0780466889099,-24.888703243046,-0.9123075770636,0.051442,0.844217,0.104341,1680.32,1276.26,1075.22,1.002,1.006,1.005
"CD",4,"WM",4,"CD4_WM_4","CD4","Winnemucca Mountain",41.01334,-117.78088,"WM4",-41.117561226983,48.527564564272,-41.1654276617114,-22.5228365645555,-0.185415571533577,0.075545,0.811334,0.113122,1911.98,1897.23,1320.75,1,1.001,1.001
"CD",4,"WM",5,"CD4_WM_5","CD4","Winnemucca Mountain",41.01334,-117.78088,"WM4",-41.7720965339721,51.2906853237006,-46.391369405655,-25.8773753408503,1.71502031791654,0.035391,0.890907,0.073703,1471.53,1398.74,1261.11,1,1.002,1.002
"CD",4,"WM",6,"CD4_WM_6","CD4","Winnemucca Mountain",41.01334,-117.78088,"WM4",-39.1520757333747,47.9022135586538,-46.778639271719,-26.4573387893963,3.06978671998555,0.041886,0.869246,0.088868,1561.05,1531.56,1161.24,1,1.003,1.005
"CD",4,"WM",7,"CD4_WM_7","CD4","Winnemucca Mountain",41.01334,-117.78088,"WM4",-39.9489731844874,47.5115173550697,-42.0384483477209,-24.0175999757771,3.55490806154156,0.096156,0.766889,0.136955,2173.91,2157.45,1846.14,1.001,1.001,1.002
"CD",4,"WM",8,"CD4_WM_8","CD4","Winnemucca Mountain",41.01334,-117.78088,"WM4",-39.070032138896,45.1547578366621,-40.07014177593,-22.4996381554688,1.5322501055857,0.094591,0.755243,0.150166,1896.49,1590.91,1371.41,1.001,1,1
"CD",4,"WM",9,"CD4_WM_9","CD4","Winnemucca Mountain",41.01334,-117.78088,"WM4",-41.2401657421762,47.1361227200721,-44.7173168787687,-23.9778631722422,-0.879623016935957,0.032663,0.87947,0.087867,1617,1433.97,1229.49,1,1,1.001
"CD",6,"AI",10,"CD6_AI_10","CD6","Arco Hills",43.62136,-113.22755,"AI6",51.0738256365522,-7.7804098588786,-9.42207328433151,10.110720465163,-33.0966259872585,0.85483,0.016557,0.128612,1244.51,729.82,1246.29,1.004,1.002,1.004
"CD",6,"AI",11,"CD6_AI_11","CD6","Arco Hills",43.62136,-113.22755,"AI6",55.1636999390849,-5.99301942787957,-6.97262834741964,8.40234257073927,-39.1867986994503,0.858362,0.005167,0.136472,1082.51,270.68,979.41,1.003,1.002,1.002
"CD",6,"AI",1,"CD6_AI_1","CD6","Arco Hills",43.62136,-113.22755,"AI6",52.7141671814284,-5.95614303111456,-7.89171927641676,7.77700144189919,-36.0187974379847,0.859201,0.009411,0.131388,1082.21,611.74,938.09,1.004,1.003,1.003
"CD",6,"AI",2,"CD6_AI_2","CD6","Arco Hills",43.62136,-113.22755,"AI6",53.8615976059149,-5.49578420183303,-9.28290375317274,8.67943690880215,-37.8461427966833,0.885038,0.012384,0.102578,1131.76,386.73,1081.81,1.005,1.005,1.003
"CD",6,"AI",3,"CD6_AI_3","CD6","Arco Hills",43.62136,-113.22755,"AI6",51.2108961344977,-8.5149039788283,-7.3533341521271,10.4899837904269,-35.8387170816101,0.85013,0.009036,0.140834,1209.25,532.58,1054.75,1.004,1.003,1.002
"CD",6,"AI",4,"CD6_AI_4","CD6","Arco Hills",43.62136,-113.22755,"AI6",54.5963467998238,-8.15503765227416,-4.74041065478214,8.77679240629325,-34.3120507029423,0.836764,0.000484,0.162752,1307.86,537.23,1299.2,1.002,1.001,1.003
"CD",6,"AI",5,"CD6_AI_5","CD6","Arco Hills",43.62136,-113.22755,"AI6",51.6323622574818,-6.64964014458888,-9.10105297882084,10.0470720746277,-42.8991274677885,0.861238,0.012886,0.125875,972.99,502.88,887.96,1.003,1.011,1.004
"CD",6,"AI",6,"CD6_AI_6","CD6","Arco Hills",43.62136,-113.22755,"AI6",50.9371545611959,-7.01179260986707,-10.6304601812623,8.9906737987222,-40.6022244060704,0.851408,0.01595,0.132642,1191.61,461.82,1049.53,1.004,1.006,1.001
"CD",6,"AI",7,"CD6_AI_7","CD6","Arco Hills",43.62136,-113.22755,"AI6",52.2292570631729,-8.48078905587482,-8.11397825876631,10.3853187614773,-39.8241413699867,0.84869,0.002333,0.148977,1060.61,236.64,1182.1,1.004,1.012,1.001
"CD",6,"AI",8,"CD6_AI_8","CD6","Arco Hills",43.62136,-113.22755,"AI6",53.7954462323271,-6.7237129397443,-7.98549174855248,10.2439360056425,-40.2553732769213,0.874198,0.010106,0.115696,1244.5,578.75,1164.45,1.004,1.002,1.004
"CD",6,"AI",9,"CD6_AI_9","CD6","Arco Hills",43.62136,-113.22755,"AI6",48.9869130727438,-6.92273725265259,-9.88952658344905,9.97752373870001,-38.3545970256235,0.861176,0.021087,0.117737,983.24,663.45,968.74,1.005,1.006,1.004
"CD",6,"AO",1,"CD6_AO_1","CD6","Asotin",46.2621,-117.2985,"AO6",83.2961214694563,-4.71278378428083,11.9669401839024,-1.75220010419872,-11.1152326002409,0.968777,0.000212,0.03101,590.46,1595.48,594.59,1.012,1.001,1.013
"CD",6,"AO",2,"CD6_AO_2","CD6","Asotin",46.2621,-117.2985,"AO6",73.8541078918547,-7.68850383663243,8.38627598273521,2.59262275853946,-13.1601197633822,0.934469,0.00065,0.064881,978.75,963.09,979.09,1.003,1,1.004
"CD",6,"AO",3,"CD6_AO_3","CD6","Asotin",46.2621,-117.2985,"AO6",84.897468874975,-3.60400221670685,10.8735552503918,-1.06484347073813,-11.713349402744,0.968975,0.000242,0.030784,697.58,1451.82,696.71,1.001,1,1.001
"CD",6,"AO",4,"CD6_AO_4","CD6","Asotin",46.2621,-117.2985,"AO6",84.699271835483,-4.65830097382225,13.4534142440071,-0.213208609251723,-8.48563853859664,0.9465,0.000238,0.053262,475.29,1761.56,464.24,1.003,1.001,1.003
"CD",6,"AO",5,"CD6_AO_5","CD6","Asotin",46.2621,-117.2985,"AO6",82.7730125774309,-4.68038848682241,11.241836407025,-1.08810895702258,-12.2182559960502,0.97603,0.000363,0.023607,713.42,1458,718.53,1.003,1.001,1.004
"CD",6,"AO",6,"CD6_AO_6","CD6","Asotin",46.2621,-117.2985,"AO6",81.8561968398556,-4.55975046827888,11.4629152788455,-1.19717394347433,-10.160731248097,0.960313,0.000399,0.039289,806.47,1529.93,772.95,1.007,1.002,1.007
"CD",6,"AO",7,"CD6_AO_7","CD6","Asotin",46.2621,-117.2985,"AO6",82.6492423172191,-5.57862264950182,12.9868958211453,0.474373788705549,-10.3572535863755,0.957183,0.000264,0.042553,927.41,1563.15,916.98,1.005,1,1.005
"CD",6,"AO",8,"CD6_AO_8","CD6","Asotin",46.2621,-117.2985,"AO6",82.5906757013513,-3.67494168456796,11.2923202680485,-1.49900074086883,-6.73451697139715,0.946006,0.000239,0.053754,563.93,1356.72,564.16,1,1.003,1
"CD",6,"AO",9,"CD6_AO_9","CD6","Asotin",46.2621,-117.2985,"AO6",82.4927246126927,-4.12054113447309,10.4684024469951,-0.405418483046801,-10.007578071925,0.940533,0.000271,0.059196,544.81,1636.65,542.99,1.004,1,1.004
"CD",6,"CP",10,"CD6_CP_10","CD6","Camel Pass",40.18523,-111.56686,"CP6",-65.3508479647165,-92.3147842861103,-22.1227686589517,36.6225013131575,31.130422436499,0.308602,0.000743,0.690655,2532.97,1327.96,2652.37,1,1.003,1
"CD",6,"CP",11,"CD6_CP_11","CD6","Camel Pass",40.18523,-111.56686,"CP6",-65.6595240311007,-91.8320973669999,-22.6748574090114,38.1018935847052,30.5720702147953,0.301863,0.001558,0.696579,2134.97,1283.89,2038.65,1.001,1.002,1.001
"CD",6,"CP",1,"CD6_CP_1","CD6","Camel Pass",40.18523,-111.56686,"CP6",-66.2971596467124,-94.6926947992253,-23.1752093638916,39.8276862865165,35.1122781840451,0.298906,0.001621,0.699473,2319.52,927.51,2313.54,1,1.004,1
"CD",6,"CP",2,"CD6_CP_2","CD6","Camel Pass",40.18523,-111.56686,"CP6",-67.0639598063268,-97.7214407174132,-21.9558468961109,39.086783298146,32.3305564596591,0.306659,0.001119,0.692221,2192.91,1286.19,2167.31,1.001,1.003,1.001
"CD",6,"CP",3,"CD6_CP_3","CD6","Camel Pass",40.18523,-111.56686,"CP6",-68.8144859464762,-96.5537523879197,-21.8839129374553,38.858226011647,34.9393842749509,0.264435,0.003559,0.732006,2440.6,967.65,2409.65,1,1.001,1
"CD",6,"CP",4,"CD6_CP_4","CD6","Camel Pass",40.18523,-111.56686,"CP6",-67.9729004698445,-98.2329566977142,-23.2127906346236,40.8303780234067,34.6721581070935,0.274149,0.00121,0.724641,2367.18,1462.78,2326.82,1,1.001,1
"CD",6,"CP",5,"CD6_CP_5","CD6","Camel Pass",40.18523,-111.56686,"CP6",-67.5626356397619,-94.732706990605,-21.6462308440422,36.963446501407,30.9544585857644,0.271414,0.002346,0.726241,2191.76,1246.4,2199.07,1,1.002,1
"CD",6,"CP",6,"CD6_CP_6","CD6","Camel Pass",40.18523,-111.56686,"CP6",-67.6632444115325,-99.8934949846417,-23.095794268375,41.1915738157632,36.9107508161181,0.21736,0.004471,0.778169,2314.33,1330.4,2393.86,1.001,1.007,1.002
"CD",6,"CP",7,"CD6_CP_7","CD6","Camel Pass",40.18523,-111.56686,"CP6",-68.3116659264821,-98.6399587786781,-23.9818650614548,42.8082501793183,35.7156337369244,0.218285,0.00354,0.778175,2176.56,1011.06,2201.84,1,1,1
"CD",6,"CP",9,"CD6_CP_9","CD6","Camel Pass",40.18523,-111.56686,"CP6",-67.283887642338,-95.0277218468874,-23.2950513353877,41.7007095833458,33.2233534191969,0.267709,0.001388,0.730903,2054.43,1369.77,2033.67,1.003,1.001,1.003
