"Pop","ID","All","Trail","Dist","Site","Side","Lat","Long","DensoAvg","C","N","C_N_Ratio","PC1","PC2","PC3","PC4","PC5","A1","A2","A3","A4","A5","A6","A7","A8","A9","A10","A11","ESS1","ESS2","ESS3","ESS4","ESS5","ESS6","ESS7","ESS8","ESS9","ESS10","ESS11","Rhat1","Rhat2","Rhat3","Rhat4","Rhat5","Rhat6","Rhat7","Rhat8","Rhat9","Rhat10","Rhat11"
"AM0",1,"AM0_1","AM",0,"LS","R",10.43256797,-84.02686603,79.25,1.53,0.17,9,-4.6128382256396,4.37801710355129,-27.0019132001241,17.3297760787869,-12.3903929362521,0.029183,0.000268,0.087865,0.00641,0.004435,0.114438,0.000322,0.010963,0.643343,0.083811,0.018962,424.72,1046.98,1785.87,137.56,176.09,476.01,951.44,154.87,318.85,2901.65,487.18,1.003,1.001,1,1.017,1.01,1.002,1.001,1.02,1.005,1.001,1.003
"AM1",10,"AM1_10","AM",1,"LS","B",10.43391301,-84.02607604,79,2.04,0.21,9.7,160.225652342297,60.1008865124173,72.0935150893704,-5.91685190845959,12.7768692935182,2.6e-05,3e-05,2.4e-05,2.3e-05,2.3e-05,2.3e-05,2.2e-05,2.5e-05,2.3e-05,2.1e-05,0.999761,8893.46,6875.9,10221.82,10474.1,10228.2,9361.67,10413.98,10738.88,10632.08,11714.93,9707.62,1,1,1,1,1,1,1,1,1,1.001,1
"AM1",1,"AM1_1","AM",1,"LS","B",10.43391301,-84.02607604,79,2.04,0.21,9.7,159.504429385794,59.9762990011107,71.8777097052539,-6.20267996327208,12.9020781611791,2.8e-05,2.7e-05,3.1e-05,2.3e-05,2.6e-05,2.6e-05,2.3e-05,2.6e-05,2.5e-05,2.3e-05,0.999741,8246.65,8497.99,7356.6,10031.15,9164.58,9258.7,9565.2,8102.01,8923.61,10892.6,9228.87,1,1,1,1,1,1,1,1,1,1,1.001
"AM1",2,"AM1_2","AM",1,"LS","B",10.43391301,-84.02607604,79,2.04,0.21,9.7,161.148158110917,61.0152116679435,72.4024891041944,-5.9267375190095,12.5086816099044,1.9e-05,2e-05,1.8e-05,1.7e-05,1.8e-05,1.8e-05,1.6e-05,1.9e-05,1.7e-05,1.6e-05,0.999822,12693.17,11605.1,12182.7,13113.86,12272.37,12552.48,12983.88,12227.46,13556.43,14055.89,12797.57,1,1,1,1,1,1,1,1,1,1,1
"AM1",3,"AM1_3","AM",1,"LS","B",10.43391301,-84.02607604,79,2.04,0.21,9.7,160.641398221165,60.2700114965821,72.2362182758281,-5.79082071197349,13.3064896878113,2.2e-05,2.4e-05,2.3e-05,2e-05,2e-05,2e-05,1.9e-05,2.2e-05,2.1e-05,2e-05,0.999789,9567.33,9295.29,10750.47,10759.11,12072.63,10998.2,12312.94,8822.64,11192.36,11641.68,10090.88,1,1,1,1,1,1,1,1,1,1,1
"AM1",4,"AM1_4","AM",1,"LS","B",10.43391301,-84.02607604,79,2.04,0.21,9.7,123.072891860257,49.1952395612145,49.8254825708794,-5.10878155512307,6.67541381398901,0.000222,0.057777,0.005526,0.000268,0.007921,0.041743,0.00137,0.008072,0.135277,0.032734,0.70909,1635.22,2334.78,207.67,998.5,158.75,836.77,175.3,169.08,602.13,2152.99,10320.68,1.002,1,1.009,1.003,1.033,1.001,1.009,1.013,1.004,1.003,1
"AM1",5,"AM1_5","AM",1,"LS","B",10.43391301,-84.02607604,79,2.04,0.21,9.7,159.498973334939,61.552565951089,71.0101665088551,-6.19784653171122,10.740681425556,2.3e-05,2.4e-05,2.4e-05,2.1e-05,2.1e-05,2.5e-05,1.9e-05,2.3e-05,2.2e-05,2.2e-05,0.999775,8729.01,8753.04,10275.97,12015.76,10544.46,7819.14,12117.58,10073.8,9436.04,10609.87,9787.05,1,1,1,1,1,1,1.001,1,1,1,1
"AM1",6,"AM1_6","AM",1,"LS","B",10.43391301,-84.02607604,79,2.04,0.21,9.7,159.861062260904,60.0727190825865,71.8570783368396,-5.50719991494033,12.8411603924189,2.3e-05,2.6e-05,2.4e-05,2.2e-05,2.3e-05,2.4e-05,2e-05,2.3e-05,2.3e-05,2e-05,0.999772,9860.9,9060.71,10303.59,10253.12,10346.92,9796.9,11786.91,9802.99,10683.52,12498.61,9692.21,1,1,1,1,1,1,1,1,1,1.001,1
"AM1",7,"AM1_7","AM",1,"LS","B",10.43391301,-84.02607604,79,2.04,0.21,9.7,160.673778728586,60.8396105775117,71.870445305747,-6.39186988948671,12.5049106027926,2.4e-05,2.8e-05,2.4e-05,2.2e-05,2.5e-05,2.6e-05,2.2e-05,2.4e-05,2.6e-05,2.4e-05,0.999757,9825.54,8562.05,10704.84,10646.78,10342.88,8679.53,11438.94,10215.52,8592.24,9058.43,8738.49,1,1,1,1,1,1,1,1,1,1,1
"AM1",8,"AM1_8","AM",1,"LS","B",10.43391301,-84.02607604,79,2.04,0.21,9.7,158.370080280226,61.8036418880883,71.1388847762234,-6.91992873156882,10.5359676577938,3.3e-05,2.9e-05,2.7e-05,2.9e-05,3.4e-05,3e-05,2.7e-05,3.2e-05,2.9e-05,5.6e-05,0.999674,8173.12,9219.38,8706.73,8757.51,6668.81,8304.39,8488.24,8429.39,8215.87,4463.32,6831.22,1,1,1,1,1,1,1,1,1,1.001,1
"AM1",9,"AM1_9","AM",1,"LS","B",10.43391301,-84.02607604,79,2.04,0.21,9.7,160.901235505057,60.2644525552228,72.5153014911951,-5.99471171150265,13.4816052185608,2.2e-05,2.3e-05,1.9e-05,1.9e-05,1.9e-05,1.9e-05,2e-05,2e-05,1.9e-05,1.8e-05,0.9998,10289.28,10125.27,12204.06,11564.27,10940.01,11721.79,10702.56,11527.86,11691.03,11583.02,11033.49,1,1,1,1,1,1,1,1,1,1,1
"LOC200",1,"LOC200_1","LOC",200,"LS","B",10.43312998,-84.01405203,75.875,3.275,0.37,8.85,11.6296410247918,-28.8377211357302,-13.2869356325055,5.46746590159064,-3.6749661192043,4.4e-05,4.1e-05,5.4e-05,4.7e-05,4.1e-05,4.4e-05,4.8e-05,0.999558,4.4e-05,3.4e-05,4.4e-05,6336.03,6504.42,4704.95,5545.41,6357.67,5013.19,5786.53,5361.19,5663.3,7059.57,5230.81,1,1,1,1,1,1,1.001,1,1,1.001,1
"LOC200",2,"LOC200_2","LOC",200,"LS","B",10.43312998,-84.01405203,75.875,3.275,0.37,8.85,13.7685911158338,-32.0911694009471,-14.728657706307,7.79440947454547,-4.7078408249225,7.5e-05,6.3e-05,9.3e-05,7e-05,4.7e-05,5.5e-05,5.6e-05,0.999369,6.1e-05,3.7e-05,7.5e-05,3380.86,3967.58,2691.16,3839.86,5900.28,4381.01,4518.52,3427.9,4297.87,6011.29,3302.03,1,1.001,1.001,1,1,1.001,1,1.001,1,1,1
"LOC200",3,"LOC200_3","LOC",200,"LS","B",10.43312998,-84.01405203,75.875,3.275,0.37,8.85,12.2238200533078,-30.6508897671567,-14.3443813559083,6.4917273033048,-5.17679752686589,4.4e-05,4.3e-05,4.9e-05,4.7e-05,4.1e-05,4.1e-05,4.6e-05,0.999579,4.2e-05,3e-05,3.8e-05,6057.35,6129.02,4893.04,5584.75,6374.3,6622.09,4718.54,5378.42,5782.91,7899.45,6809.62,1,1,1.001,1,1,1.001,1,1,1,1,1
"SAT150",1,"SAT150_1","SAT",150,"LS","R",10.43255397,-84.01487597,82.5,3.925,0.465,8.45,13.3577275867799,2.45501887639529,-30.2621344156382,19.0653699271385,-6.7052271585541,0.056495,0.151641,0.104379,0.00021,0.000164,0.016006,0.000115,0.018531,0.548901,0.046769,0.056789,977.81,2333.83,1877.01,991.43,1669.61,36.54,2254.94,150.19,75.46,2038.91,1837.84,1.004,1,1.002,1.001,1.001,1.04,1,1.013,1.001,1,1
"SAT150",2,"SAT150_2","SAT",150,"LS","R",10.43255397,-84.01487597,82.5,3.925,0.465,8.45,11.2764204102323,-11.5873214448273,-32.5068768335626,22.721858905584,3.59060830966754,0.060413,0.070455,0.167145,0.000403,0.000368,0.117106,0.001019,0.084153,0.465763,0.000313,0.032861,1046.52,1757.41,3855.24,447.59,564.23,1039.69,395.53,1435.48,1367.77,1067.13,1467.24,1,1.001,1,1.005,1.003,1.004,1.003,1.001,1.004,1,1
"SAT150",3,"SAT150_3","SAT",150,"LS","R",10.43255397,-84.01487597,82.5,3.925,0.465,8.45,12.3900259533085,-6.64844770400751,-29.6425380668426,13.087293954519,-1.03649321270717,0.091783,0.194917,0.108798,0.000191,0.000201,0.044808,0.000254,0.048121,0.469078,0.006229,0.035622,1420.92,2773.89,2524.61,1634.49,1376.44,402.05,1249.55,878.5,623.82,125.17,1010.11,1.001,1,1.001,1,1,1.001,1.002,1,1.005,1.011,1.001
"SAZ100",1,"SAZ100_1","SAZ",100,"LS","R",10.43203102,-84.00471199,92.625,1.565,0.21,7.45,7.84147607245686,-21.3841006438558,-34.363776152475,-9.32413145338857,-10.4256943405182,0.039337,0.173193,0.030465,0.000125,0.060709,0.000737,0.000759,0.023927,0.669139,0.00013,0.001478,976.13,3587.88,715.5,2223.05,1626.25,509.37,506.32,263.44,815.67,2143.33,361.33,1.001,1,1.003,1.002,1.001,1.001,1.004,1.004,1.001,1.001,1.003
"SAZ100",3,"SAZ100_3","SAZ",100,"LS","R",10.43203102,-84.00471199,92.625,1.565,0.21,7.45,5.8520503806253,-24.5696086083996,-35.4454766888645,-19.8037736135583,-7.56372574829496,0.076465,0.197744,0.007839,8.3e-05,0.074542,0.031577,0.014002,0.036397,0.560718,0.000158,0.000475,1235.57,3231.19,100.42,3106.65,1466,222.79,160.87,734.88,632.57,1794.89,776.61,1.003,1.001,1.001,1.001,1.001,1.02,1.012,1,1.011,1.001,1.003
"SAZ250",1,"SAZ250_1","SAZ",250,"LS","L",10.43280602,-84.00473898,89.75,2.425,0.29,8.35,-10.1532398666762,-9.36378998620948,-32.1570754474011,-27.6667928898412,-33.8034653852481,0.001673,0.00159,0.00013,0.000128,0.17203,0.821591,0.001975,0.00023,0.000239,0.000337,7.8e-05,281.02,199.26,2149.08,2138.2,1692.69,412,218.38,1434.63,1035.03,871.77,3283.42,1.012,1.005,1.001,1.001,1.002,1.004,1.001,1.003,1.001,1,1
"SAZ250",2,"SAZ250_2","SAZ",250,"LS","L",10.43280602,-84.00473898,89.75,2.425,0.29,8.35,-8.725365746409,-11.1022530386094,-26.4665404464659,-8.06405095210909,-23.7161973257177,0.001519,0.00218,0.001425,0.000919,0.076333,0.459025,0.024507,0.091224,0.330502,0.012154,0.000212,354.98,287,338.86,366.09,1779.62,1812.67,653.75,1863.13,954.03,172.1,1297.28,1.002,1.007,1.001,1.002,1,1.003,1.001,1.001,1.002,1.018,1
"SAZ250",3,"SAZ250_3","SAZ",250,"LS","L",10.43280602,-84.00473898,89.75,2.425,0.29,8.35,-10.4924874358609,-8.71598361903253,-32.4697007267356,-27.6368044085145,-34.5712115231024,0.002122,0.001692,0.000125,0.00013,0.170727,0.82239,0.00174,2e-04,0.000236,0.000567,7.2e-05,282.3,179.84,2321.42,1948.38,1906.18,403.17,213.81,1414.25,1266.78,520.84,3376.13,1.01,1.007,1.001,1.001,1.001,1.006,1.014,1.004,1,1.003,1.001
"SAZ450",1,"SAZ450_1","SAZ",450,"LS","R",10.43437997,-84.00447202,83.83,2.52,0.303333333,8.3,-21.7691901302257,-11.496553896597,-24.9095877533796,-7.67819422648814,-8.9223590330117,0.01065,0.036881,0.043318,0.013361,0.055441,0.266806,0.092737,0.018953,0.419521,0.042254,7.9e-05,101.65,1158.18,1160.26,136.77,1540.92,1651.94,2265.87,198.4,794.21,1672.21,2924.76,1.004,1.001,1.005,1.004,1.001,1.003,1.001,1.03,1.002,1,1
"SAZ450",2,"SAZ450_2","SAZ",450,"LS","R",10.43437997,-84.00447202,83.83,2.52,0.303333333,8.3,3.21515276554502,-5.66099868953644,-12.8458627572996,-13.3170875637504,5.12242159115239,0.105616,0.139493,0.074046,0.000628,0.140621,0.00205,0.034664,0.072782,0.324922,0.05279,0.052389,2256.84,3500.68,2074.28,400.99,2878.64,307.57,1192.05,1625.28,1296.3,2370.5,1816.21,1.001,1,1.002,1.003,1.001,1.004,1.001,1.001,1.001,1.002,1.002
"SAZ450",3,"SAZ450_3","SAZ",450,"LS","R",10.43437997,-84.00447202,83.83,2.52,0.303333333,8.3,-9.59989024004598,0.404864518713382,0.380470410952284,5.29822174487499,-10.2894140300215,0.002146,0.075907,0.045011,0.095665,0.038859,0.143871,0.062432,0.022197,0.387954,0.089857,0.0361,286.91,2102.01,1377.31,2881.91,930.5,1947.64,1864.7,231.77,881.39,2993.45,1324.85,1.003,1.001,1.004,1.002,1.009,1.002,1.002,1.007,1.001,1.001,1.002
"SAZ500",10,"SAZ500_10","SAZ",500,"LS","L",10.43456596,-84.00525698,82.75,2.606666667,0.306666667,8.5,15.9632463332145,-19.8576861468736,-8.29741016336744,-4.82600830062573,-25.3728555877301,0.022412,0.026127,0.000255,0.042369,0.045854,0.076788,0.000822,0.133141,0.566064,0.000129,0.08604,106.21,435.38,1258.73,1413.14,1099.58,1047.28,528.47,2038.69,1146.06,2375.33,2616.15,1.017,1.003,1.003,1.001,1.005,1.001,1.008,1.002,1.003,1,1.001
"SAZ500",1,"SAZ500_1","SAZ",500,"LS","L",10.43456596,-84.00525698,82.75,2.606666667,0.306666667,8.5,-9.43017904921448,-1.14096501060465,-4.42113088524346,10.9509177838824,-27.6575000876178,0.000294,0.000116,0.000435,0.086494,0.00032,0.183913,0.02571,0.021183,0.60028,0.062275,0.018979,1149.37,2290.41,697.11,2338.48,1073.79,931.04,445.23,142.15,464.73,1853.19,140.98,1.001,1.001,1.001,1.001,1.002,1.001,1.011,1.018,1.003,1.001,1.01
"SAZ500",2,"SAZ500_2","SAZ",500,"LS","L",10.43456596,-84.00525698,82.75,2.606666667,0.306666667,8.5,-6.02500161972972,-11.7315778194515,-20.5187008312765,-4.0635375397647,-4.0026827862774,0.049051,0.073864,0.078502,0.006781,0.097134,0.107555,0.04793,0.044519,0.450322,0.042498,0.001844,1161.54,2206.88,2313.62,123.07,2341.52,1452.65,1355.81,1179.15,1129.5,1901.24,301.44,1.002,1,1.001,1.005,1,1.002,1.001,1.002,1.001,1.003,1.007
"SAZ500",3,"SAZ500_3","SAZ",500,"LS","L",10.43456596,-84.00525698,82.75,2.606666667,0.306666667,8.5,-9.21566812193856,-4.64913095007774,-7.647908107702,9.10312641527975,-24.2396723468477,0.000453,0.000418,0.005627,0.077613,0.001749,0.181315,0.037301,0.027333,0.602189,0.052186,0.013816,623.73,840.64,191.5,2118.95,288.68,1075.98,1056.52,190.86,466.18,1589.76,134.18,1.007,1.005,1.001,1.001,1.011,1.001,1.007,1.009,1.003,1.001,1.001
"SAZ500",4,"SAZ500_4","SAZ",500,"LS","L",10.43456596,-84.00525698,82.75,2.606666667,0.306666667,8.5,-11.8406158274514,3.3143026738592,-15.7771070887432,1.69829090694921,-24.6402590718326,0.024558,0.001437,0.010245,0.042158,0.033433,0.254844,0.015457,0.00023,0.528291,0.080087,0.009262,418.09,361.59,143.03,920.35,927.06,759.82,175.39,972.1,369.93,2459.83,110.5,1.01,1.006,1.007,1.002,1.002,1,1.014,1.002,1.004,1,1.013
"SAZ500",5,"SAZ500_5","SAZ",500,"LS","L",10.43456596,-84.00525698,82.75,2.606666667,0.306666667,8.5,-12.4233078381883,-3.31674642885804,-18.7311624616872,-3.87483913508873,-18.9096499190131,0.058822,0.00115,0.016699,0.021755,0.088392,0.243441,0.003768,0.000635,0.509531,0.055398,0.000408,1156.31,361.11,130.96,378.9,1681.44,837.13,130.74,538.77,675.32,1773.4,665.28,1.001,1.018,1.016,1.004,1.002,1.001,1.001,1.003,1.004,1.001,1
"SAZ500",6,"SAZ500_6","SAZ",500,"LS","L",10.43456596,-84.00525698,82.75,2.606666667,0.306666667,8.5,-12.470030403267,-3.33254157953437,-14.5984765885797,-1.56708099989283,-16.4300826066065,0.076615,0.00059,0.016208,0.039422,0.076145,0.246709,0.002013,0.000624,0.486359,0.05428,0.001034,1027.84,559.29,74.27,973.01,1306.84,1018.72,166.83,429.53,561.8,1471.76,362.83,1.002,1.002,1.04,1.003,1,1.001,1.008,1.004,1.008,1.004,1.014
"SAZ500",7,"SAZ500_7","SAZ",500,"LS","L",10.43456596,-84.00525698,82.75,2.606666667,0.306666667,8.5,-4.70893518244474,3.33014688090592,-25.4032228561235,4.01166268181339,-17.4014675491587,0.02566,0.113263,0.006106,0.001186,0.000171,0.151638,0.03422,0.040092,0.541282,0.084225,0.002158,425.7,2893.56,95.76,417.8,1404.56,1125.95,1142.19,775.62,625.5,1965.77,249.51,1.002,1,1.005,1.001,1,1,1.001,1.002,1.003,1,1.007
"SAZ500",8,"SAZ500_8","SAZ",500,"LS","L",10.43456596,-84.00525698,82.75,2.606666667,0.306666667,8.5,7.37723350443895,-3.15403761663137,-12.1700953439715,-12.8664647184519,-11.5885960396518,0.069926,0.152535,0.012914,0.001568,0.103547,0.063827,0.013543,0.072865,0.391022,0.054956,0.063296,1240.65,3178.49,160.93,308.7,2050.38,737.01,164.35,1542.04,609.32,2022.65,2363.85,1.001,1.001,1.036,1.006,1.001,1.002,1.012,1.004,1.001,1.001,1.001
"SAZ500",9,"SAZ500_9","SAZ",500,"LS","L",10.43456596,-84.00525698,82.75,2.606666667,0.306666667,8.5,-0.878065780726139,-9.34173368257006,-22.7986212680076,13.9431812552472,-13.2680425841217,0.087061,0.098136,0.110269,0.044526,0.029176,0.241404,0.000305,0.024022,0.335188,0.014041,0.015872,1747.22,3169.53,2686.47,1631.58,623.08,934.05,905.31,258.5,845.88,139.46,285.6,1.005,1.001,1.003,1.003,1.001,1.002,1.003,1.015,1,1.029,1.004
"SLV400",1,"SLV400_1","SLV",400,"LS","B",10.43974003,-84.01232804,68.25,1.725,0.205,8.4,17.282594749901,-0.463706260571895,-22.3445714459777,32.7243140614639,7.27910816955414,0.002001,0.027043,0.180788,0.008359,0.000139,0.01416,0.001147,0.000856,0.631826,0.035445,0.098238,302.05,673.6,1676.99,207.2,1911.49,40.63,434.64,310.05,132.31,1143.75,2401.4,1.008,1.002,1.001,1.002,1,1.003,1.007,1.003,1.002,1.003,1.001
"SLV400",2,"SLV400_2","SLV",400,"LS","B",10.43974003,-84.01232804,68.25,1.725,0.205,8.4,13.0043741078853,-15.4868674765153,-19.9940118439139,10.1703943900819,-18.2947708212096,0.000134,0.108808,0.039984,0.035126,0.001634,0.000212,0.000452,0.087314,0.677344,0.000306,0.048686,1931.34,2261.36,1142.8,1306.09,353.05,1606.41,795,2002.15,1569.89,955.96,1750.82,1.001,1.001,1,1,1.011,1.003,1.001,1.002,1.002,1.001,1
"SOC1000",1,"SOC1000_1","SOC",1000,"LS","B",10.43857897,-84.01136496,91.75,1.415,0.17,8.5,25.1510244719449,-8.39997401356412,-19.3144852369984,7.96848606089339,-4.67642895289283,0.002932,0.054508,0.081909,0.00121,0.032924,0.042664,0.001403,0.155277,0.515187,0.001005,0.110982,172.87,1296.5,1623.78,381.63,808.31,632.63,383.29,3056.61,1036.21,511.3,2792.48,1.012,1.001,1,1.006,1.007,1.002,1.002,1,1.001,1.001,1.001
"SOC1000",2,"SOC1000_2","SOC",1000,"LS","B",10.43857897,-84.01136496,91.75,1.415,0.17,8.5,-2.46968105547146,-8.73319668825614,-23.530568417745,11.9277056829022,-25.6327955216576,0.005528,0.051008,0.049537,0.038288,0.004038,0.078321,0.000174,0.000649,0.745106,0.026585,0.000766,107.83,1352.85,1174.5,1135.84,126.07,552.33,1782.15,644.95,498.93,500.1,392.84,1.009,1.004,1.002,1.005,1.01,1.001,1.002,1,1.003,1.001,1.003
"SOC1000",3,"SOC1000_3","SOC",1000,"LS","B",10.43857897,-84.01136496,91.75,1.415,0.17,8.5,11.289018091609,-17.6388319479766,-26.75670832924,2.51133710443283,-13.1192478869108,0.001912,0.156361,0.026752,0.001152,0.00363,0.000421,0.024749,0.087786,0.673287,0.000453,0.023498,170.85,2989.96,595.82,431.59,172.2,782.3,435.63,1876.16,834.79,796.93,598.69,1.007,1.001,1.003,1.006,1.017,1.001,1.014,1.001,1.001,1.002,1.005
"SOC1200",1,"SOC1200_1","SOC",1200,"LS","B",10.44017304,-84.01175899,73.625,2.015,0.235,8.6,33.5790864204306,-14.0825297480888,-30.1341003676175,-13.9587223540917,-6.08950896209959,3.7e-05,0.999612,4.1e-05,3.2e-05,4e-05,3.9e-05,3.5e-05,3.8e-05,3.4e-05,2.9e-05,6.5e-05,7853.61,5221.34,6392.45,8286.07,6590.96,6990.37,7564.77,6953.87,6295.71,8586.32,3556.18,1.001,1,1,1,1.001,1.001,1,1,1,1,1
"SOC1200",2,"SOC1200_2","SOC",1200,"LS","B",10.44017304,-84.01175899,73.625,2.015,0.235,8.6,30.563681524972,-12.4006621998408,-28.265333230307,-13.3154011490855,-5.82446195652345,4.9e-05,0.999473,5.1e-05,4.4e-05,5.5e-05,6.3e-05,4.7e-05,4.9e-05,4e-05,5e-05,8.1e-05,4669.29,4327.41,4936.02,5121.51,4460.88,3896.22,5088.52,5086.19,6256.95,6161.04,3412.37,1,1,1,1,1.001,1,1,1,1.001,1,1
"SOC1200",3,"SOC1200_3","SOC",1200,"LS","B",10.44017304,-84.01175899,73.625,2.015,0.235,8.6,31.3961592046473,-14.1635594177053,-29.513325758235,-13.7473741225443,-5.74430778153939,4.9e-05,0.99958,4e-05,3.7e-05,4.6e-05,4e-05,4.4e-05,4.3e-05,3.6e-05,3.2e-05,5.2e-05,5041.57,5683.91,6512.61,7264.23,5390.8,6009.95,5187.63,6927.64,6877.56,7635.85,4956.94,1.001,1.001,1.001,1,1,1,1,1,1,1,1
"SOC1400",1,"SOC1400_1","SOC",1400,"LS","B",10.44224597,-84.01180702,93.25,2.005,0.24,8.35,-2.57693992706865,-6.24569693003976,-23.9692074334591,6.6509840975459,-7.72815820934759,0.082697,0.101462,0.084629,0.010986,0.043856,0.067403,0.001424,0.069777,0.475843,0.058195,0.003727,2022.22,2382.58,2608.69,137.16,1348.96,1154.96,380.41,1758.42,754.14,2179.05,210.69,1,1,1.001,1.021,1.002,1.002,1.004,1,1.002,1,1.003
"SOC1400",2,"SOC1400_2","SOC",1400,"LS","B",10.44224597,-84.01180702,93.25,2.005,0.24,8.35,1.38198153429814,-2.56582523541436,-22.5793897454686,21.3994834641355,6.63521773980008,0.000295,0.071326,0.140481,0.005279,0.000249,0.001228,0.038995,0.000472,0.662145,0.050868,0.028663,888.75,1519.49,2419.35,126.71,855.68,326.11,887.24,731.24,979.54,2182.13,876.5,1.002,1.002,1.002,1.05,1,1.008,1.003,1,1.008,1,1.003
"SOC1400",3,"SOC1400_3","SOC",1400,"LS","B",10.44224597,-84.01180702,93.25,2.005,0.24,8.35,2.5288527563049,5.00758671919302,-14.118015342486,10.0795556569954,-11.3054357122591,0.009858,0.003955,0.046625,0.022477,0.008597,0.084288,0.008218,0.001023,0.663806,0.078168,0.072986,119.85,155.74,1169.33,397.09,93.41,972.12,107.89,411.82,329.13,2869.82,2429.25,1.009,1.007,1.002,1.007,1.002,1.001,1.011,1.01,1.002,1.002,1.002
"SOC1600",1,"SOC1600_1","SOC",1600,"LS","R",10.44317904,-84.01268796,90.625,1.905,0.215,8.7,4.23851521779859,0.0905453609368938,-22.3124998845716,13.4349085698331,0.755144412676542,0.002473,0.006314,0.139123,0.000547,0.055858,0.141084,0.024753,0.002714,0.52543,0.048033,0.053671,202.36,79.2,2786.45,414.29,961.23,1163.4,570.52,199.71,1034.67,1522.14,1349.08,1.013,1.001,1,1.004,1.006,1.001,1.006,1.001,1.002,1.002,1.001
"SOC1600",2,"SOC1600_2","SOC",1600,"LS","R",10.44317904,-84.01268796,90.625,1.905,0.215,8.7,8.03989264083822,-11.7180352185432,-24.5038352719173,-4.58163339221384,1.39583068550673,0.03779,0.334715,0.071957,0.001402,0.049411,0.046637,0.058247,0.030543,0.325667,0.02501,0.018619,1134.21,5908.51,2597.03,346.01,1895.15,933.49,2509.37,740.98,1323.6,1252.37,240.65,1.001,1,1.001,1.007,1.002,1.003,1,1,1.002,1,1.002
"SOC1600",3,"SOC1600_3","SOC",1600,"LS","R",10.44317904,-84.01268796,90.625,1.905,0.215,8.7,7.9016863731411,-10.8067962521193,-42.2316344533538,32.6871993632259,7.65492345526486,0.007581,0.238604,0.217778,0.001199,0.000311,0.067102,0.000381,0.054045,0.386787,0.024641,0.001572,108.17,4628.35,4512.2,389.63,1057.43,836.12,740.11,1222.28,710.71,1309.7,334.48,1.037,1,1.001,1.003,1.006,1.004,1.005,1.004,1.004,1.001,1.002
"SOC1900",1,"SOC1900_1","SOC",1900,"LS","L",10.44152998,-84.01307403,76.25,2.59,0.31,8.4,7.20124678476656,-6.37036344568403,-21.1023874346742,6.54725712063237,-7.19093802634206,0.000546,0.000139,0.105936,0.000363,0.058252,0.216555,0.000793,0.052168,0.490656,0.020623,0.053971,731.46,1740.72,2428.63,821.48,1498.67,1558.18,510.86,1014.67,1247.39,341.24,1850.14,1.003,1.004,1.001,1.002,1.004,1,1.005,1.001,1.006,1.015,1
"SOC800",1,"SOC800_1","SOC",800,"LS","R",10.43720702,-84.01030499,88.5,2.505,0.285,8.85,11.1110520984515,-22.0647567109941,-25.6068063714336,-0.105373175686964,-7.31403068465431,0.01327,0.050473,0.080959,0.000467,0.069129,0.231317,0.032161,0.042947,0.442682,8.6e-05,0.036509,105.46,1287.22,2224.33,652.59,1090.76,1460.38,713.62,677.77,805.11,3294.48,1270.61,1.004,1,1,1.002,1.001,1.003,1.001,1.005,1.001,1,1.002
"SOC800",2,"SOC800_2","SOC",800,"LS","R",10.43720702,-84.01030499,88.5,2.505,0.285,8.85,8.92956195944092,-8.63513487723793,-29.4567943169669,10.8841659930354,-14.203762015318,0.058031,0.022216,0.082647,0.000485,0.000208,0.405049,0.000728,0.007109,0.397774,0.00093,0.024823,1082.78,224.88,1833.32,571.98,1524.58,2668.9,434.37,145.56,613.73,361.54,384.22,1.002,1.023,1,1.004,1,1.001,1.003,1.011,1.004,1.001,1.007
"SOC800",3,"SOC800_3","SOC",800,"LS","R",10.43720702,-84.01030499,88.5,2.505,0.285,8.85,12.1221470526406,-0.105852485771535,-28.4221720346111,4.93915878890023,-43.2440796706181,0.001042,0.000331,0.000177,0.000301,0.000158,0.418499,8.2e-05,0.103035,0.425099,0.02208,0.029195,464.95,987.5,1632.28,1082.79,1793.25,2531.82,3139.22,2148.02,1127.79,743.94,826.94,1,1.001,1.001,1.003,1.001,1.002,1,1.002,1.001,1.001,1.001
"SOC900",1,"SOC900_1","SOC",900,"LS","L",10.43791001,-84.01081,92.625,2.555,0.32,8,23.3122113361168,-14.4317477784296,-26.179097728315,-7.35011100038589,-1.63628455807817,0.029581,0.648361,0.034524,0.000266,0.044505,0.000984,0.003538,0.000386,0.205266,0.00214,0.030451,1177.33,5707.69,1526.04,1043.13,1334.83,325.09,209.47,885.13,1257.87,312.15,1607.02,1.001,1,1.002,1.002,1.001,1.008,1.008,1.002,1,1.001,1.002
"SOC900",2,"SOC900_2","SOC",900,"LS","L",10.43791001,-84.01081,92.625,2.555,0.32,8,-6.54408502112341,-15.4820492685801,-30.9770248280129,0.172090765319069,-14.9529528270986,0.038886,0.073152,0.065688,0.00167,0.085258,0.112534,0.000771,0.045238,0.553262,0.023416,0.000125,802.36,1846.95,1806.21,327.45,2325.07,802.21,466.59,1086.87,709.86,707.28,2382.17,1.002,1,1.001,1.009,1.001,1.002,1.002,1.003,1,1.014,1.003
"SOC900",3,"SOC900_3","SOC",900,"LS","L",10.43791001,-84.01081,92.625,2.555,0.32,8,9.92772929007567,-5.45365778057682,-20.9320655911964,11.721481832144,-24.4199455773918,0.037331,0.001921,0.048884,0.012315,0.004256,0.138257,0.000198,0.056849,0.617229,0.024177,0.058584,799.2,308.86,1086.06,73.84,126.26,1400.63,1416.77,1480.94,233.66,1041,1980.75,1.002,1.001,1.004,1.003,1.021,1.001,1.003,1.001,1.001,1.002,1.002
"SOR350",10,"SOR350_10","SOR",350,"LS","R",10.42724999,-84.003434,88,3.595,0.435,8.25,-97.3717756675076,166.169970805451,7.27578802235271,-0.397370335612427,-0.219221237693412,2.6e-05,2.3e-05,2.4e-05,2.6e-05,2.5e-05,2.3e-05,2.8e-05,2.2e-05,2.3e-05,0.999762,2e-05,8408.6,9975.79,9595.32,9248.66,9911.79,10398.52,8195.17,10859.44,9543.52,9855.29,12530.68,1,1,1,1,1,1,1,1,1,1,1
"SOR350",1,"SOR350_1","SOR",350,"LS","R",10.42724999,-84.003434,88,3.595,0.435,8.25,-95.8468659289947,164.984753678844,6.15379913908105,0.0286621856645072,-2.07538805628875,3.3e-05,2.9e-05,3.2e-05,3.5e-05,3.1e-05,3.6e-05,3.9e-05,3.1e-05,3.4e-05,0.999669,3.2e-05,7465.4,7788.58,7648.21,7598.69,7270.03,6416.58,6170.13,8368.72,6874.16,6655.89,7088.42,1,1,1,1,1,1,1,1,1,1,1.001
"SOR350",2,"SOR350_2","SOR",350,"LS","R",10.42724999,-84.003434,88,3.595,0.435,8.25,-97.926108030716,168.143948702885,7.36037419847978,0.152567933832973,-0.510813754705747,1.9e-05,1.7e-05,1.9e-05,1.9e-05,1.7e-05,1.8e-05,1.9e-05,1.7e-05,1.7e-05,0.999821,1.7e-05,12418.29,13331.07,11904.1,12686.66,11243.19,12457.34,13075.57,11132.89,14207.66,12137.23,12948.69,1,1,1,1,1,1,1,1,1,1,1
"SOR350",3,"SOR350_3","SOR",350,"LS","R",10.42724999,-84.003434,88,3.595,0.435,8.25,-86.0014940447004,144.379272541329,3.95042222291795,0.327095853861838,-0.284763064769099,0.024211,0.019331,0.024232,0.003267,0.005485,0.011958,0.013712,0.000312,0.035787,0.861178,0.000527,861.05,1176.89,1502.38,227.67,189.22,175.98,290.54,1007.63,325.94,6425.17,710.84,1.001,1.001,1.001,1.003,1,1.008,1.007,1.003,1.009,1.001,1
"SOR350",4,"SOR350_4","SOR",350,"LS","R",10.42724999,-84.003434,88,3.595,0.435,8.25,-96.2965775279533,165.070963636159,7.54250848208657,-0.0977954954504323,-0.327092864182288,3.1e-05,2.1e-05,2.5e-05,3.4e-05,2.3e-05,2.5e-05,3.1e-05,2.5e-05,2.3e-05,0.999739,2.3e-05,7575.42,11153.52,9464.14,7281.14,10119.75,9739.51,7651.66,9539.5,10233.36,7780.55,10593.5,1,1,1,1,1,1,1,1,1,1,1
"SOR350",5,"SOR350_5","SOR",350,"LS","R",10.42724999,-84.003434,88,3.595,0.435,8.25,-95.4471914326003,163.775288290225,6.47321056152482,-1.12659161129981,-2.51493915202706,8.7e-05,9.3e-05,5e-05,6.8e-05,6.5e-05,5.1e-05,7.4e-05,6.5e-05,7.6e-05,0.999324,4.7e-05,3186.8,2631.26,4625.98,3861.49,3929.09,4424.47,3689.65,4092.49,3568.17,3320.49,5303.83,1.002,1,1,1,1.001,1,1,1,1.003,1,1.001
"SOR350",6,"SOR350_6","SOR",350,"LS","R",10.42724999,-84.003434,88,3.595,0.435,8.25,-97.4043843939991,168.274789086755,6.21295903227266,-0.0568202422308306,-2.31538227456673,2e-05,1.8e-05,1.9e-05,2e-05,1.8e-05,2e-05,2.1e-05,1.7e-05,1.9e-05,0.999809,1.8e-05,11446.37,12095.47,12270.97,11506.61,12994.81,11324.27,11153.86,12185.96,11961.39,11424.33,11908.27,1,1,1,1,1,1,1,1,1.001,1,1
"SOR350",7,"SOR350_7","SOR",350,"LS","R",10.42724999,-84.003434,88,3.595,0.435,8.25,-23.5568361458518,-22.1871156742011,21.0911406605528,-22.2202665255574,11.1054959435949,0.081065,0.004551,0.000557,0.121555,0.175321,0.001215,0.163739,0.093018,0.323792,0.032781,0.002404,2048.18,172.89,854.64,3368.69,3423.07,291.24,3706.64,2355.43,1200.33,1606.09,202.26,1.001,1.006,1.004,1,1.001,1.002,1,1,1.002,1,1.016
"SOR350",8,"SOR350_8","SOR",350,"LS","R",10.42724999,-84.003434,88,3.595,0.435,8.25,-96.4236131721309,162.953561046133,7.55303709982162,0.379578531099825,-1.13179783362215,4.5e-05,4.1e-05,4e-05,9.4e-05,4.1e-05,3.7e-05,5.5e-05,3.4e-05,4e-05,0.999544,3e-05,5006.58,6275.5,6030.76,3440.91,5795.74,6362.59,5042.14,6815.9,6712.66,4584.77,7608.91,1,1.001,1,1,1,1,1,1,1,1.001,1
"SOR350",9,"SOR350_9","SOR",350,"LS","R",10.42724999,-84.003434,88,3.595,0.435,8.25,-88.2594882723325,149.155109351913,2.77893356892458,-0.0921590254166398,2.02625362872729,0.029443,0.011392,0.031213,0.000408,0.005995,0.002142,0.020452,0.00097,0.003425,0.893837,0.000722,1000.27,523.26,1828.69,613.3,180.54,214.29,1011.8,382.96,193.1,6352.86,604.41,1.001,1.005,1,1.004,1.002,1.008,1,1.006,1.003,1,1.006
"SOR400",10,"SOR400_10","SOR",400,"LS","R",10.42719299,-84.00286001,94.25,2.355,0.285,8.25,-55.2121392048161,-34.4970857199442,40.6710713443174,-56.5095956399145,115.521838296799,3.2e-05,3e-05,2.9e-05,4.2e-05,3.3e-05,2.5e-05,0.999695,3.1e-05,2.9e-05,3.1e-05,2.3e-05,8396.65,7832.53,8902.91,4994.75,7531.45,10350.84,7177.55,6738.39,8856.46,8150.87,9668.62,1.001,1,1,1,1,1,1,1,1,1,1
"SOR400",1,"SOR400_1","SOR",400,"LS","R",10.42719299,-84.00286001,94.25,2.355,0.285,8.25,-42.4565054829913,-33.8183759588825,34.1532521369342,-62.2108010280609,47.3306276540222,0.117336,0.000167,0.000198,0.095441,0.312406,0.000226,0.367717,0.001739,0.103909,0.000701,0.000159,1967.68,1978.43,1787.62,3722.25,3519.9,1269.67,6165.24,310.65,1044.38,553.88,1906.18,1,1.003,1.001,1,1.001,1.001,1.001,1.002,1.002,1,1.001
"SOR400",2,"SOR400_2","SOR",400,"LS","R",10.42719299,-84.00286001,94.25,2.355,0.285,8.25,-58.468895124259,-34.4474822936598,42.4260277401224,-59.9595192737837,120.921062290699,3.4e-05,2.8e-05,2.8e-05,4.4e-05,4e-05,3.4e-05,0.999667,3e-05,3.3e-05,3.6e-05,2.6e-05,7909.07,8648.3,9069.23,6111.84,6414.89,7347.35,7141.67,8851.75,8468.06,6782.65,9473.28,1,1,1,1,1,1,1,1,1,1,1
"SOR400",3,"SOR400_3","SOR",400,"LS","R",10.42719299,-84.00286001,94.25,2.355,0.285,8.25,-58.186288647927,-34.383736467357,82.2670972811413,18.9225494937732,16.0810389327519,0.017944,0.00026,0.000126,0.523478,0.008718,8.2e-05,0.332175,0.000236,0.111849,0.004947,0.000186,480.25,1047.51,2228.78,7297.93,151.98,3624.1,4456.77,1289.66,565.89,205.06,1427.17,1.004,1.001,1,1,1.011,1.002,1,1,1.004,1.013,1.001
"SOR400",4,"SOR400_4","SOR",400,"LS","R",10.42719299,-84.00286001,94.25,2.355,0.285,8.25,-56.0140651128142,-33.9612532304249,40.812810834206,-55.6067836900923,114.881003455446,3.1e-05,2.8e-05,2.5e-05,3.9e-05,3.2e-05,2.7e-05,0.999712,2.6e-05,2.7e-05,2.8e-05,2.5e-05,7584.87,8812.93,8542.32,6999.48,7540.14,9351.02,8750.72,9887.24,8943.66,9501.82,9991.94,1,1.001,1,1,1,1,1,1,1,1,1
"SOR400",7,"SOR400_7","SOR",400,"LS","R",10.42719299,-84.00286001,94.25,2.355,0.285,8.25,-43.49991250768,-32.9671985601572,33.5401658120194,-60.8084438699371,46.6744863449818,0.118947,0.000131,0.000135,0.097458,0.316665,0.00027,0.378689,0.000994,0.085915,0.000618,0.000177,2006.7,1967.6,1865.23,3700.06,3162.11,1171.6,5852.09,382.96,1089.16,593.03,1511.46,1.001,1.002,1.001,1,1,1.001,1,1.001,1.002,1.002,1.005
"SOR400",8,"SOR400_8","SOR",400,"LS","R",10.42719299,-84.00286001,94.25,2.355,0.285,8.25,-56.7807628718786,-32.2668962703511,40.2658005455189,-56.1408395751418,115.57087503583,3.5e-05,2.8e-05,3.3e-05,4.4e-05,3.5e-05,2.9e-05,0.999661,3.4e-05,3.1e-05,4.4e-05,2.6e-05,6283.96,8877.89,7608.95,5615.91,7371.21,9100.62,6343.02,7143.35,8201.32,4872.54,9830.25,1,1,1,1,1,1,1,1,1,1,1
"SOR400",9,"SOR400_9","SOR",400,"LS","R",10.42719299,-84.00286001,94.25,2.355,0.285,8.25,-56.6243545370171,-34.2028283408019,42.1704377559092,-58.3641870957842,120.652142957182,9.2e-05,5e-05,4.9e-05,5.3e-05,4.7e-05,3.8e-05,0.999505,4.9e-05,3.7e-05,4.5e-05,3.7e-05,2649.36,5090.45,4763.58,5014.73,6007.82,7095.91,3994.18,5549.24,5779.61,6095.55,7246.19,1,1,1.001,1.001,1.001,1,1.001,1,1,1,1
"SOR450",10,"SOR450_10","SOR",450,"LS","R",10.42740103,-84.00247503,95.25,3.165,0.325,9.75,-69.0128415002208,-59.3919411666184,134.885525792215,74.073284855596,-34.3301091227181,2e-05,1.8e-05,2e-05,0.999802,2.1e-05,1.9e-05,2.4e-05,2.1e-05,1.9e-05,1.9e-05,1.8e-05,11818.71,13196.11,12082.59,10850.24,11745.19,12356.6,9668.02,11857.91,11304.7,11988.3,11490.94,1,1,1,1,1,1,1,1,1,1,1
"SOR450",1,"SOR450_1","SOR",450,"LS","R",10.42740103,-84.00247503,95.25,3.165,0.325,9.75,-69.0398411161046,-58.4084505860192,133.972699962774,73.8493408033315,-35.3489321624285,2.2e-05,2.1e-05,2.1e-05,0.99979,2.3e-05,1.9e-05,2.4e-05,2.1e-05,2e-05,2.1e-05,1.9e-05,11826.24,11996.5,11734.51,10920.64,9438.21,12435.51,9074.16,12243.16,11821.91,11791,11431.55,1,1,1,1,1,1,1,1,1,1,1
"SOR450",2,"SOR450_2","SOR",450,"LS","R",10.42740103,-84.00247503,95.25,3.165,0.325,9.75,-68.0035968415659,-57.1080475291904,129.334617019731,71.2118172193301,-34.0345066361134,4.2e-05,3.6e-05,3.5e-05,0.999634,4e-05,3.6e-05,4.6e-05,3.5e-05,3.2e-05,3.2e-05,3e-05,6119.66,6116.38,6838.95,6572.61,6924.24,7506.18,5757.23,7032.39,6488.7,7632.87,8711.11,1,1,1,1,1.001,1,1,1.001,1,1,1
"SOR450",3,"SOR450_3","SOR",450,"LS","R",10.42740103,-84.00247503,95.25,3.165,0.325,9.75,-15.7727884902785,-19.5360383101151,5.50364006134669,-28.6641047149332,-14.082357229003,0.068055,0.00015,0.000159,0.065895,0.195209,0.000547,0.048516,0.117447,0.465488,0.03798,0.000554,1171.22,1865.3,1832.92,2070.32,2816.73,573.4,1315.4,1076.75,1086.43,1493.83,707.47,1,1.001,1.003,1.001,1.001,1.003,1,1.003,1.001,1,1
"SOR450",4,"SOR450_4","SOR",450,"LS","R",10.42740103,-84.00247503,95.25,3.165,0.325,9.75,-69.9061325608576,-58.9335767446996,135.412377421452,74.3279211054379,-35.3497385683959,2.1e-05,1.8e-05,2e-05,0.999801,2.1e-05,1.8e-05,2.6e-05,2e-05,1.9e-05,1.9e-05,1.7e-05,10325.14,12633.76,11743.32,10788.4,10624.83,12370.99,8229.51,11638.96,12324.96,11598.98,11795.15,1,1,1,1,1,1,1,1,1,1,1
"SOR450",5,"SOR450_5","SOR",450,"LS","R",10.42740103,-84.00247503,95.25,3.165,0.325,9.75,-68.1800143271305,-56.7861660443459,130.302659780532,71.6503482953878,-35.742414255259,3.3e-05,3e-05,3.6e-05,0.999584,7.1e-05,5e-05,4.8e-05,2.9e-05,4e-05,4.7e-05,3.2e-05,7397.19,8364.66,6751.31,5238.09,4093.06,5089.07,5091.55,8671.22,6209.63,5323.53,7779.36,1,1,1,1.001,1.002,1.001,1,1.001,1,1,1
"SOR450",6,"SOR450_6","SOR",450,"LS","R",10.42740103,-84.00247503,95.25,3.165,0.325,9.75,-69.5482929317731,-59.6845729597015,136.144049432818,74.3329374999513,-35.0362425046984,2.1e-05,1.8e-05,2.1e-05,0.9998,2.2e-05,1.9e-05,2.4e-05,2.1e-05,1.9e-05,1.9e-05,1.8e-05,10937.39,12119.59,10476.31,11645.87,11287.46,12015.26,10476.27,11090.86,12102.26,12279.12,12491.72,1,1,1,1,1,1,1,1,1,1,1
"SOR450",7,"SOR450_7","SOR",450,"LS","R",10.42740103,-84.00247503,95.25,3.165,0.325,9.75,-68.9809640335068,-58.931905717151,134.603231796057,73.5051201626301,-34.7732440254036,2.3e-05,2e-05,2.3e-05,0.999778,2.4e-05,2e-05,2.9e-05,2.2e-05,2.2e-05,2e-05,2e-05,11202.95,11902.29,10749.02,10226.89,9940.54,12114.98,9210.57,10849.77,10619.09,11498.84,13153.56,1,1,1,1,1,1,1,1,1,1.001,1
"SOR450",8,"SOR450_8","SOR",450,"LS","R",10.42740103,-84.00247503,95.25,3.165,0.325,9.75,-41.6967568808647,-11.1955594923775,45.9342121903228,22.7936178370253,5.76794054881649,0.066679,0.000134,0.051835,0.324141,0.020115,0.050497,0.15706,0.000271,0.231242,0.093827,0.004199,1668.94,2029.15,2019.53,7489.46,274.18,719.41,4172.2,956.2,1561.46,3398.85,176.55,1,1,1,1,1.005,1.003,1.001,1.002,1,1,1.001
"SOR450",9,"SOR450_9","SOR",450,"LS","R",10.42740103,-84.00247503,95.25,3.165,0.325,9.75,-16.5498925272427,-18.2589106846252,4.89954657409701,-30.6642809936548,-15.3548499525564,0.055019,9.7e-05,0.000138,0.056708,0.206661,0.000707,0.048967,0.107658,0.479632,0.044023,0.000389,1139.13,2763.61,1831.59,2238.82,2629.93,558.37,1404.03,900.83,853.86,1833.97,853.22,1.001,1.001,1.002,1.001,1.001,1.004,1.002,1.003,1.001,1.001,1.002
"SOR700",10,"SOR700_10","SOR",700,"LS","B",10.426103,-84.001049,85.75,3.12,0.33,9.5,-16.5658057802384,-15.2188241240221,0.510067960717482,-30.8536526984461,6.59976385000302,0.99934,5.8e-05,6.8e-05,6.9e-05,7.8e-05,6.9e-05,8.1e-05,6.6e-05,6e-05,5.5e-05,5.5e-05,3753.74,4313.45,4047.8,4326.23,3371.42,4061.89,3289.14,3917.74,4653.36,4527.89,4284.64,1,1,1,1,1,1.001,1.001,1.001,1,1,1.001
"SOR700",1,"SOR700_1","SOR",700,"LS","B",10.426103,-84.001049,85.75,3.12,0.33,9.5,-28.7261577063133,-14.0343092994747,-12.1223499900771,-23.4210466023968,10.4978230818889,0.08009,0.000206,0.044624,0.00252,0.161128,0.08211,0.137814,0.055762,0.366761,0.068882,0.000104,1978.49,1337.89,1325.61,250.65,3013.35,1195.28,3329.39,1179.67,1441.54,2938.73,2748.08,1,1.001,1.003,1.004,1,1.003,1,1.002,1,1.003,1.001
"SOR700",2,"SOR700_2","SOR",700,"LS","B",10.426103,-84.001049,85.75,3.12,0.33,9.5,-20.230922962152,-42.1043366374152,26.1943891237975,-97.4295495590556,-2.72718963118472,4.3e-05,4e-05,2.9e-05,4.9e-05,0.999639,3e-05,5e-05,3.1e-05,3e-05,3e-05,3.1e-05,5993.02,6090.93,8223.84,5536.38,6087.89,8044.05,4452.89,8050.82,8444.87,8308.77,8039.87,1,1.001,1,1,1,1,1,1,1,1,1
"SOR700",3,"SOR700_3","SOR",700,"LS","B",10.426103,-84.001049,85.75,3.12,0.33,9.5,-15.2222755934912,-14.2891830370283,1.33091199242584,-29.0788088311648,7.76201339538455,0.999352,5.9e-05,7.4e-05,7.4e-05,5.2e-05,6.2e-05,7.9e-05,5.6e-05,6.7e-05,6.3e-05,6.2e-05,3454.53,4278.17,2920.64,3269.81,4795.79,4875.16,3395.36,4132.72,3584.66,3656.49,4608.55,1.001,1,1,1.001,1,1.001,1.001,1,1,1,1
"SOR700",4,"SOR700_4","SOR",700,"LS","B",10.426103,-84.001049,85.75,3.12,0.33,9.5,-15.5825518652992,-34.3927939258966,26.5411234412144,-80.4326408737901,-0.418993094059396,0.000533,0.000753,0.000335,0.060865,0.863356,0.000253,0.062319,0.000287,0.000541,0.000217,0.01054,611.34,364.38,950.49,1192.8,298.79,1275.18,1788.31,1083.4,541.16,1117.86,107.67,1.001,1.007,1,1.004,1.002,1.006,1.001,1.001,1.005,1.003,1.013
"SOR700",5,"SOR700_5","SOR",700,"LS","B",10.426103,-84.001049,85.75,3.12,0.33,9.5,-20.0272387530466,-39.430767758463,23.9006626742132,-94.3645614631074,-5.26436665775451,3.6e-05,3.4e-05,2.7e-05,4.5e-05,0.999671,2.8e-05,4.1e-05,2.8e-05,3e-05,2.8e-05,3.3e-05,6957.53,7514.51,8761.95,5370.49,6936.08,8768.94,6609.56,8046.62,7974.54,9126.03,7214.5,1,1,1,1,1,1,1,1,1,1,1
"SOR700",6,"SOR700_6","SOR",700,"LS","B",10.426103,-84.001049,85.75,3.12,0.33,9.5,-16.5799684755694,-35.0878804376287,27.2609235513985,-78.113913397142,0.406962517499386,0.000572,0.000325,0.000487,0.071596,0.856888,0.000197,0.063125,0.000204,0.000474,0.000233,0.005897,533.88,887.77,553.3,1769.51,332.24,1799.53,2065.29,1525.1,625.03,1379.27,93.88,1.003,1.001,1.003,1,1.002,1,1.001,1.001,1.001,1.001,1.013
"SOR700",7,"SOR700_7","SOR",700,"LS","B",10.426103,-84.001049,85.75,3.12,0.33,9.5,-18.9304353076695,-37.4896392983981,19.3226957102585,-81.4343777824009,-4.52965654975847,6.2e-05,5.9e-05,5.2e-05,8.5e-05,0.99939,5.1e-05,8.2e-05,5.7e-05,5.8e-05,5e-05,5.4e-05,4280.51,4181.66,5122.17,3268.5,3944.28,4288.06,2917.56,4407.12,4697.12,5488.91,4995.02,1,1,1,1,1.001,1,1.001,1,1.001,1,1.001
"SOR700",8,"SOR700_8","SOR",700,"LS","B",10.426103,-84.001049,85.75,3.12,0.33,9.5,-17.037164558654,-14.38388422821,2.94693476123219,-32.4405518398262,9.63563861698537,0.999661,2.8e-05,3.2e-05,3.6e-05,3.4e-05,3.1e-05,5.4e-05,3.3e-05,2.9e-05,3.3e-05,3e-05,6525.34,9686.69,8400.61,6677.81,7000.06,7543.72,5193.4,7494.15,9012.23,7368.94,8300.27,1.001,1,1.001,1,1,1,1,1,1,1,1
"SOR700",9,"SOR700_9","SOR",700,"LS","B",10.426103,-84.001049,85.75,3.12,0.33,9.5,-21.021842980499,-39.5021468225659,25.1049310407464,-97.2092090088825,-5.20411098635048,3.6e-05,3.4e-05,3e-05,4.6e-05,0.999648,3.2e-05,4.7e-05,3.2e-05,3.1e-05,3.3e-05,3.1e-05,7367.02,8197.43,7819.48,5651.42,6535.38,7506.67,5382.81,8042.06,8241,8306.66,7613.38,1,1,1,1,1,1,1,1,1,1,1.001
"STR1050",1,"STR1050_1","STR",1050,"LS","L",10.43785997,-84.01250398,70,2.47,0.295,8.3,27.6274704954541,-12.7549328848639,-24.0900282997417,13.0273321870427,1.04646605543751,0.000153,0.031705,0.12148,0.000183,0.002019,0.002113,0.000321,0.144916,0.58773,0.000171,0.109209,2012.48,849.97,2651.19,1210.38,209.37,167.67,1104.96,3408.53,845.4,1698.04,3060.26,1,1.002,1,1.003,1.006,1.002,1.002,1.001,1.004,1.001,1
"STR1050",2,"STR1050_2","STR",1050,"LS","L",10.43785997,-84.01250398,70,2.47,0.295,8.3,19.344195677893,-7.56663641513981,-18.2038560981935,19.4355101734969,-8.75969502573475,0.083181,0.002464,0.113126,0.007984,0.000728,0.139448,0.000181,0.130232,0.436867,0.001645,0.084143,1888.16,259.21,2789.75,103.83,536.35,1691.2,1476.65,3158.54,620.19,308.47,2803.91,1.001,1.005,1.001,1.021,1.003,1.001,1.001,1.001,1.003,1.008,1.001
"STR1050",3,"STR1050_3","STR",1050,"LS","L",10.43785997,-84.01250398,70,2.47,0.295,8.3,15.309723582473,-3.27382925255775,-21.868676766794,18.0212249567063,-10.4934605753943,0.037175,0.056659,0.085292,0.007095,0.000174,0.18785,0.008038,0.04682,0.491137,0.005012,0.074749,589.73,1481.85,2552.16,72.85,1820.42,1601.99,161.09,1103.27,318.69,119.97,2531.18,1.006,1,1.002,1.015,1.002,1.003,1.016,1.001,1.003,1.004,1.003
"STR1150",1,"STR1150_1","STR",1150,"LS","L",10.438239,-84.01326799,90.25,2.21,0.27,8.2,9.30803830239652,2.14475401595782,-7.59955808195075,3.05719898853978,-25.1798964245058,0.005295,0.045619,0.003255,0.047246,0.047687,0.143018,0.000409,0.040612,0.51596,0.061111,0.089789,121.27,1202.02,193.51,1641.05,1093.67,1255.64,706.95,790.12,706.42,2335.18,3196.28,1.027,1.001,1.007,1.002,1,1.002,1,1.003,1.002,1,1.001
"STR1150",2,"STR1150_2","STR",1150,"LS","L",10.438239,-84.01326799,90.25,2.21,0.27,8.2,2.06540609869813,-7.73086609771612,-24.4230080864449,-6.17176787694756,-11.4311880160346,0.004249,0.12126,0.043819,0.000347,0.102534,0.106612,0.004053,0.05664,0.506236,0.036906,0.017344,91.29,2499.73,983.29,1094.8,2023.36,1367.61,198.85,1078.54,834.06,1360.71,296.27,1.02,1.001,1.002,1.001,1.002,1.001,1.005,1.003,1.002,1.002,1.008
"STR1200",1,"STR1200_1","STR",1200,"LS","B",10.43848501,-84.01369203,94,1.885,0.24,7.85,24.6276810326095,1.5974611146747,-15.5264414090259,14.5043878480465,-6.45874772975066,0.000611,0.104329,0.086133,0.001924,0.001,0.100794,0.000695,0.000221,0.552017,0.020502,0.131774,719.32,1785.18,1520.78,227.5,326.01,938.41,478.61,1215.55,669.89,346.42,3029.76,1.006,1,1.001,1.007,1.004,1.001,1.01,1.002,1,1.005,1
"STR1200",2,"STR1200_2","STR",1200,"LS","B",10.43848501,-84.01369203,94,1.885,0.24,7.85,27.0753485076116,-10.8000199441682,-23.2035486875158,12.7457117813409,-1.80747546350589,0.015272,0.126296,0.103742,0.000263,0.02587,0.000676,0.000221,0.091197,0.541005,0.000333,0.095125,157.23,2501.73,2260.63,1225.28,343.17,373.18,1439.4,1898.02,676.42,872.34,2761.13,1.018,1,1,1.002,1.013,1.004,1,1,1,1.001,1.001
"STR1200",3,"STR1200_3","STR",1200,"LS","B",10.43848501,-84.01369203,94,1.885,0.24,7.85,17.0935123171182,-10.7207910505632,-35.8058112879103,14.9544205746565,-4.41478590599574,0.001044,0.130987,0.103942,0.000123,0.000416,0.000129,0.000118,0.059939,0.668606,0.00025,0.034445,322.55,2185.4,1963.26,1978.88,716.57,2045.74,2357.37,1661.94,1733.54,1182.61,1184.84,1.008,1,1.001,1,1.001,1,1.001,1,1.001,1.003,1
"STR1350",1,"STR1350_1","STR",1350,"LS","R",10.43843304,-84.01507001,94.75,2.116666667,0.26,8.1,16.184955332249,3.93428576690454,-20.3064125103028,12.1360095843016,-13.8395665744033,0.000345,0.069807,0.042945,3e-04,0.000202,0.003194,0.000411,0.000112,0.743393,0.04511,0.094179,891.29,1434.61,893.1,1012.7,1411.1,175.83,908.28,2481.61,649.43,1496.09,2559.09,1.001,1.001,1.003,1.002,1.002,1.004,1,1.001,1.002,1.001,1
"STR1350",2,"STR1350_2","STR",1350,"LS","R",10.43843304,-84.01507001,94.75,2.116666667,0.26,8.1,2.09826017925023,-12.2743660553055,-10.2183311099687,-2.34028790455285,-10.5584486422866,0.063332,0.087243,0.023077,0.043001,0.072521,0.000746,0.022096,0.042264,0.571671,0.029179,0.044871,1004.99,3343.47,342.97,1446.7,1246.85,327.71,466.65,743.93,944.73,1174.82,1659.29,1.002,1.001,1.001,1.004,1.001,1.014,1.003,1.003,1.001,1.001,1.006
"STR1350",3,"STR1350_3","STR",1350,"LS","R",10.43843304,-84.01507001,94.75,2.116666667,0.26,8.1,21.2225902321303,-6.41098695295358,-24.4010472061495,25.6353347322339,14.4032618313689,0.001478,0.103347,0.167092,0.001683,0.000256,0.000165,0.001281,0.010761,0.616802,0.004303,0.092833,263.08,2380.47,2189.6,318.23,1046.53,1676.86,294.99,65.1,238.24,143.81,3084.75,1.006,1,1,1.007,1.001,1.002,1.005,1.004,1.001,1.001,1
"STR1450",1,"STR1450_1","STR",1450,"LS","R",10.43822299,-84.01599797,93.75,1.705,0.21,8.15,-4.99802436754438,-7.79759001300735,-15.6171704295638,-3.55002098377278,-5.11362451961409,0.028065,0.000509,0.077844,0.021881,0.096848,0.143412,0.046219,0.023939,0.484249,0.045405,0.03163,553.07,551.82,2470.86,588.95,1906.7,1481.39,1219.21,249.68,1137.61,2081.13,1356.08,1.013,1.001,1.001,1.003,1.002,1.003,1.001,1.006,1.002,1,1.003
"STR1450",2,"STR1450_2","STR",1450,"LS","R",10.43822299,-84.01599797,93.75,1.705,0.21,8.15,-20.4933123087358,-17.3253378694576,12.9539155728422,-26.6099309917995,-9.0624070946384,0.075524,0.003273,0.000124,0.109723,0.206039,0.119585,0.115646,0.001993,0.333919,0.029779,0.004396,1754.97,186.8,2418.76,2341.71,3342.42,1520,2833.74,287.83,905.08,917.28,118.82,1,1.024,1.001,1,1,1.004,1,1.012,1.004,1.001,1.012
"STR1450",3,"STR1450_3","STR",1450,"LS","R",10.43822299,-84.01599797,93.75,1.705,0.21,8.15,4.24065223791699,-5.74751473427824,-35.4274134890497,20.9050427268303,-0.0727611403910626,0.00019,0.133709,0.098582,0.000215,0.000117,0.000172,0.001272,0.0597,0.662855,0.040971,0.002218,1350.82,3156.62,2190.04,693.94,2159.68,1791.48,221.38,1180.28,1552.83,1567.41,284.74,1.001,1,1.001,1.001,1,1.002,1.001,1.006,1.001,1.001,1.013
"STR1700",1,"STR1700_1","STR",1700,"LS","L",10.43774304,-84.01807903,57,1.76,0.21,8.4,-9.89772019613807,-9.07404529946925,-25.4205816936266,18.2174822036788,2.43385313273388,0.000234,0.000345,0.115464,0.005258,0.001067,0.004124,0.046095,0.000263,0.791483,0.035414,0.000253,1037.18,836.29,1797.29,140.23,429.11,36.26,1257.95,1295,267.66,1018.25,898.59,1.001,1.001,1.001,1.006,1.005,1.043,1.001,1,1.01,1.001,1.004
"STR1700",2,"STR1700_2","STR",1700,"LS","L",10.43774304,-84.01807903,57,1.76,0.21,8.4,-9.09654739299043,-9.54189349490831,-24.2404641145938,17.9833746838211,4.58638249631267,0.000313,0.000467,0.119109,0.006947,0.00119,0.004121,0.05511,0.001687,0.773169,0.03748,0.000408,1010.61,513.46,1520.06,94.03,396.59,63.23,933.45,342.7,346.04,1332.43,874.79,1.003,1.001,1.001,1.019,1.001,1.016,1.001,1.005,1.007,1,1.002
"STR2050",1,"STR2050_1","STR",2050,"LS","R",10.43569199,-84.02032798,90.5,2.34,0.27,8.7,9.58682341589789,-11.4306088930716,-55.6292823469251,112.67645123421,96.4166097212431,2.5e-05,2.4e-05,0.999755,2.6e-05,2.2e-05,2.5e-05,2.5e-05,2.6e-05,2.2e-05,2.3e-05,2.7e-05,10385.4,9605.55,9646.6,9383.53,10477.96,9499.9,8600.76,9338.32,11216.51,10633.89,9553.49,1,1,1.001,1,1,1,1,1,1,1,1.001
"STR2050",2,"STR2050_2","STR",2050,"LS","R",10.43569199,-84.02032798,90.5,2.34,0.27,8.7,0.749574731704461,-5.64880409788368,-5.87113842878374,5.40032161120865,9.57629138720816,0.047628,0.093313,0.099038,0.045242,0.062724,0.007419,0.063725,0.062192,0.400668,0.053848,0.064202,919.87,2428.14,1701.45,1243.1,1738.4,74.11,2032.35,1342.36,735.78,1539.62,2265.9,1.002,1,1.002,1,1,1.026,1.001,1.001,1,1.004,1.002
"STR2050",3,"STR2050_3","STR",2050,"LS","R",10.43569199,-84.02032798,90.5,2.34,0.27,8.7,9.8131030357845,-12.33479730638,-55.6144476300426,114.169827918882,98.0061092679012,2.8e-05,2.6e-05,0.999741,2.7e-05,2.4e-05,2.6e-05,2.5e-05,2.7e-05,2.5e-05,2.4e-05,2.7e-05,8540.39,9840.11,9089.27,9022.2,9808.04,9230.77,10082.08,8595.67,10653.58,9360.9,9209.68,1,1,1,1,1,1,1,1,1,1,1
"STR2050",4,"STR2050_4","STR",2050,"LS","R",10.43569199,-84.02032798,90.5,2.34,0.27,8.7,9.3947496849302,-11.927106980464,-57.3301275758713,114.900079929595,98.6957647031768,3.1e-05,3e-05,0.999718,2.7e-05,2.6e-05,3e-05,2.9e-05,3e-05,2.8e-05,2.5e-05,2.7e-05,7501.08,7528.36,8258.18,8706.73,8810.81,8233.35,8246.54,8110.39,8579.22,9405.71,8929.04,1,1,1,1,1,1,1,1,1,1,1
"STR2050",5,"STR2050_5","STR",2050,"LS","R",10.43569199,-84.02032798,90.5,2.34,0.27,8.7,8.94943138377669,-12.215638641782,-52.7953134643847,107.204673077134,90.8913163365251,3.6e-05,3e-05,0.999682,3.4e-05,2.7e-05,3.2e-05,3.1e-05,3.4e-05,3.5e-05,3e-05,2.9e-05,6610.48,7749.36,7493.79,7464.74,8732.86,7598.83,8299.87,7416.02,7403.05,7608.19,8400.23,1,1,1,1,1,1,1.001,1,1,1,1
"STR2450",1,"STR2450_1","STR",2450,"LS","R",10.43370296,-84.02285102,87.75,3.84,0.37,10.4,-1.20775131432668,-6.31167582353418,-10.9122149811409,2.80415850120719,9.51797069592168,0.045925,0.09891,0.084223,0.03009,0.054461,0.033033,0.078496,0.05623,0.412847,0.0557,0.050085,1169.39,3312.39,2282.96,1202.7,1811.61,218.01,2663,1822.9,796.81,2672.84,2323.95,1,1,1.001,1,1,1.003,1,1.003,1.002,1,1.002
"STR2450",2,"STR2450_2","STR",2450,"LS","R",10.43370296,-84.02285102,87.75,3.84,0.37,10.4,9.86534904927358,-11.4398564500539,-55.9103334211597,112.654885632669,96.1032556036658,5e-05,4.2e-05,0.999561,4.2e-05,3.7e-05,5.2e-05,3.8e-05,4.3e-05,3.9e-05,4.1e-05,5.5e-05,5216.33,5058.27,4954.15,6419.81,6493.29,4829.88,6780.7,4479.79,6732.9,5518.85,4826.94,1,1,1,1.001,1,1,1,1.001,1,1,1
"STR450",1,"STR450_1","STR",450,"LS","B",10.43455096,-84.008352,89.5,3.413333333,0.39,8.733333333,2.94770080203293,-25.7543265274398,-21.1567626648176,-0.600923827770908,-14.7439345270868,0.042904,0.000208,0.04259,0.009792,0.04914,0.131181,0.006312,0.085583,0.630106,9.9e-05,0.002086,927.45,1326.21,1539.44,113.37,976.96,1563.48,110.74,1581.08,625.46,2907.22,203.08,1,1,1,1.018,1.007,1.001,1.01,1.003,1.002,1,1.009
"STR450",2,"STR450_2","STR",450,"LS","B",10.43455096,-84.008352,89.5,3.413333333,0.39,8.733333333,12.1764444957763,-9.39752867640936,-16.9181021034439,-21.0080859276222,-11.6555603492851,0.046062,0.150873,0.000423,0.000391,0.110766,0.173062,0.027999,0.074243,0.328228,0.0189,0.069054,1112.4,4158.1,704.83,963.79,2452.46,1935.41,450.49,1584.21,1378.12,555.15,2501.52,1.001,1,1.001,1.005,1,1.001,1.004,1.002,1.002,1.001,1
"STR450",3,"STR450_3","STR",450,"LS","B",10.43455096,-84.008352,89.5,3.413333333,0.39,8.733333333,9.53735816500543,-13.2255497295508,-20.4017869356985,-3.23985234113866,-8.16041027116349,0.000541,0.133595,0.036387,0.003465,0.032384,0.245379,0.062128,0.02814,0.411356,0.000359,0.046266,531.87,2906.72,984.47,26.48,840,2436.68,1683.5,414.31,890.43,747.09,1745.73,1.001,1.001,1.002,1.003,1.003,1.001,1,1.008,1.002,1.003,1
"STR550",1,"STR550_1","STR",550,"LS","B",10.43539703,-84.00892298,78.25,2.9,0.336666667,8.4,7.96329520408471,-10.4868683624199,-27.6839183536895,-15.4291105732103,-19.8020315475224,0.044175,0.019487,4e-04,0.000119,0.040884,0.197756,0.006271,0.106851,0.543499,0.001476,0.039081,766.75,106.2,542.29,2595.82,742.17,1235.64,95.53,1564.03,663.47,329.88,798.12,1.001,1.028,1.007,1.001,1.003,1.004,1.004,1.002,1.006,1.007,1.003
"STR550",2,"STR550_2","STR",550,"LS","B",10.43539703,-84.00892298,78.25,2.9,0.336666667,8.4,-2.75582352383749,-18.2839004308845,-23.1516243811019,-17.6570524149148,-21.015450593296,0.06748,0.000149,0.000242,0.000377,0.068205,0.170661,0.016485,0.072398,0.603127,0.000312,0.000563,1105.24,1831.26,1096.33,616.66,1642.7,1686.12,182.89,1297.52,890.42,1029.32,488.89,1.003,1,1.002,1,1.003,1.003,1.02,1.001,1.003,1.004,1.004
"STR550",3,"STR550_3","STR",550,"LS","B",10.43539703,-84.00892298,78.25,2.9,0.336666667,8.4,0.868726412176241,-22.0519134103115,-16.5894955006352,-3.13543254595985,-22.1423929525706,0.033745,0.000128,0.028759,0.036593,0.052075,0.139301,0.002152,0.086251,0.608937,0.000294,0.011764,449.85,1987.54,618.68,1175.65,1147.87,1192.74,279.5,1649.57,480.76,901.68,128.15,1.017,1,1.001,1.01,1.001,1.004,1.001,1,1,1.002,1.015
"STR650",1,"STR650_1","STR",650,"LS","B",10.43615702,-84.00923403,88.5,2.75,0.305,9.25,1.72501343625609,-16.0654315172829,-20.1372657499442,-19.1941373244631,-16.2674707548969,0.093373,0.025957,0.0023,0.000312,0.090796,0.123434,0.028617,0.05828,0.545816,0.00188,0.029234,1359.05,511.58,271.44,988.92,2066.48,1135.17,779.61,1025.3,911.62,349.21,1011.76,1.001,1.012,1.009,1.001,1.001,1.003,1.004,1.003,1.006,1.002,1.003
"STR650",2,"STR650_2","STR",650,"LS","B",10.43615702,-84.00923403,88.5,2.75,0.305,9.25,15.0135269235524,-3.95859155990329,-13.98701958023,-7.97649230264562,-20.8088126321995,0.013636,0.018479,0.003365,0.000661,0.104942,0.134984,0.000145,0.001873,0.607288,0.016692,0.097935,101.37,160.69,142.06,535.46,1447.98,1339.67,1747.59,163.36,395.48,200.94,2888.62,1.006,1.008,1.003,1.012,1.002,1,1.001,1.008,1.005,1.009,1.001
"STR650",3,"STR650_3","STR",650,"LS","B",10.43615702,-84.00923403,88.5,2.75,0.305,9.25,9.68935751225139,-13.0692352837843,-37.1042394564476,17.5234337209355,-23.7138230341925,8e-05,0.000519,0.099393,0.00037,0.002107,0.662046,0.00018,0.060057,0.174307,0.00012,0.00082,3368.06,676.54,3024.28,794.18,253.21,2585.73,1752.46,1299.84,1129.64,2305.05,441.48,1,1.002,1.001,1.004,1.013,1.002,1.001,1.002,1.002,1.002,1.002
"STR750",1,"STR750_1","STR",750,"LS","B",10.436845,-84.00989201,85.875,1.575,0.17,9.1,13.4130516620649,0.0897958853039881,-38.7465407865879,5.75651136846503,-33.9252799722326,0.000115,6.9e-05,0.00013,4.7e-05,6.3e-05,0.999141,8.2e-05,5.4e-05,7.3e-05,7e-05,0.000156,2454.73,4084.51,2019.92,5414.26,4764.07,2415.99,3510.34,4457.47,3316.2,4182.53,1914.33,1.001,1.001,1.001,1,1,1,1,1,1,1.001,1
"STR750",2,"STR750_2","STR",750,"LS","B",10.436845,-84.00989201,85.875,1.575,0.17,9.1,-5.15313958858222,-22.0608559773607,-25.2275829456435,1.76240370905849,1.42361276687996,0.002723,0.016354,0.090976,0.000978,0.079272,0.092801,0.074006,0.152592,0.488892,0.001165,0.00024,229.01,180.33,2325.98,464.45,1893.67,784.78,2000.04,2229.59,531.33,305.91,1301.05,1.022,1.017,1.002,1.007,1.001,1.006,1,1.002,1.01,1.002,1.002
"STR750",3,"STR750_3","STR",750,"LS","B",10.436845,-84.00989201,85.875,1.575,0.17,9.1,13.9392780214064,-0.0921197832935508,-39.0118326815171,5.53675941306205,-34.2291586211561,0.000125,6.2e-05,0.000144,5e-05,6.6e-05,0.999085,7.9e-05,6.1e-05,7.3e-05,7.8e-05,0.000178,2086.57,4089.37,2125.1,5154.58,4359.72,1907.53,3329.46,4714.75,3889.35,3422.26,1643.97,1.001,1,1,1,1,1.001,1.001,1,1,1.001,1.001
"STR850",1,"STR850_1","STR",850,"LS","L",10.437104,-84.01084797,89.75,4.47,0.5,8.9,-12.8188361581198,-2.78562144228744,-12.3267006821497,0.938497873596211,-23.5292341121719,0.000486,0.020335,0.013401,0.061279,0.010716,0.195724,0.047071,0.000292,0.587942,0.06138,0.001374,560.26,117.08,94.72,1840.32,135.11,1718.63,974.24,1266.96,413.97,2085.7,222.4,1.003,1.058,1.06,1.001,1.027,1.003,1.004,1,1.009,1.002,1.008
"STR850",2,"STR850_2","STR",850,"LS","L",10.437104,-84.01084797,89.75,4.47,0.5,8.9,13.883062704862,-11.4397422609584,-33.5585367604318,24.388047292875,-1.09433991346469,0.02979,0.160337,0.17407,0.000809,0.028805,0.07569,0.000231,0.008826,0.482857,0.000768,0.037819,862.51,3377.85,3381.48,369.02,904.01,1210.78,1196.9,116.23,419.7,633.35,1602.31,1.001,1.001,1,1.002,1.001,1.001,1.001,1.004,1.002,1.002,1.001
"STR850",3,"STR850_3","STR",850,"LS","L",10.437104,-84.01084797,89.75,4.47,0.5,8.9,-4.40282621382122,10.0044900933556,-29.811599312033,16.1219388344167,-35.8833530895661,0.000156,0.032196,0.03625,0.03379,0.000198,0.683287,0.000195,0.000105,0.145615,0.06765,0.000558,1634.9,916.96,1489.92,1488.3,1422.82,2712.85,1545.27,2633.68,950.93,3164.92,652.82,1.001,1.006,1.004,1.002,1.001,1,1,1,1.001,1.001,1.004
"STR950",1,"STR950_1","STR",950,"LS","L",10.43745001,-84.01152296,71.25,1.38,0.19,7.3,7.63115988974583,-1.15290720692998,-16.5069062979602,23.5844724159899,5.13876139851227,0.000149,0.135814,0.10793,0.034409,0.000118,0.019541,0.035359,0.022118,0.543378,0.041543,0.059641,1914.34,2943.83,1634.91,1032.85,2447.42,162.9,1136.86,172.7,471.96,1530.98,1908.23,1.003,1,1.002,1.003,1.001,1.016,1.001,1.01,1.003,1.004,1.002
"STR950",2,"STR950_2","STR",950,"LS","L",10.43745001,-84.01152296,71.25,1.38,0.19,7.3,1.99608023074872,3.96448912905912,-20.3974797539284,-6.5196873478387,-32.6884600743237,0.020756,0.000113,0.000314,0.000393,0.061144,0.252216,0.000136,0.047173,0.512499,0.070402,0.034854,378.65,2105.59,1090.38,767.08,1815.37,2319.94,2281.26,998.53,1290.76,3089.24,1125.73,1.013,1.001,1.002,1.007,1,1.002,1.001,1.002,1,1.001,1.002
"SURA150",1,"SURA150_1","SURA",150,"LS","B",10.42949801,-84.00798102,93.25,3.11,0.375,8.3,-6.22219266349079,-26.6913064405412,-24.0206839133087,-27.5768446222981,-4.75619962466799,0.036467,0.215564,0.020382,0.000497,0.170654,0.002157,0.065022,0.076756,0.409399,0.002889,0.000215,985.71,3942.2,228.25,637.15,3517.81,258.75,2090.4,1265.92,805.24,138.47,1352.91,1.001,1.001,1.008,1.001,1,1.012,1.001,1.002,1.002,1.004,1
"SURA150",2,"SURA150_2","SURA",150,"LS","B",10.42949801,-84.00798102,93.25,3.11,0.375,8.3,3.40902086517579,-2.35203258739537,-8.26967604667974,-15.0417869597495,4.63430634144879,0.171272,0.179754,0.051215,0.00332,0.082742,0.044522,0.058627,0.084838,0.209282,0.059616,0.054812,2800.11,3460.96,1506.63,257.94,1829.65,694.69,1881.38,2539.13,1283.28,2385.93,2090.8,1.001,1,1.001,1.013,1.001,1.003,1,1.001,1.001,1,1.001
"SURA150",3,"SURA150_3","SURA",150,"LS","B",10.42949801,-84.00798102,93.25,3.11,0.375,8.3,-0.716433004791335,-24.339954186866,-17.4991124385902,-28.9370664059654,6.86145736742658,0.057085,0.171174,0.034966,0.000264,0.1648,0.001446,0.085442,0.11423,0.366065,0.001039,0.003489,1719.66,4605.26,1149.72,1346.56,3630.09,343.76,2918.36,2559.77,1429.43,534.41,203.79,1.001,1,1.001,1,1,1.006,1.001,1,1.002,1.011,1.011
"SURA250",1,"SURA250_1","SURA",250,"LS","B",10.42995902,-84.00886699,92.75,3.07,0.365,8.4,-12.0102409124513,-7.26944925326927,-2.60976416267609,-35.9066459347328,-17.2638681461523,0.128837,0.198956,8.2e-05,0.039926,0.094119,0.261591,0.08479,0.000439,0.137623,0.053134,0.000504,2705.25,3729.33,3577.91,1404.37,2024.09,1873.35,2470.88,828.56,1233.43,2553.6,717.65,1.001,1.001,1.001,1.001,1.001,1.003,1,1,1.003,1,1.002
"SURA250",2,"SURA250_2","SURA",250,"LS","B",10.42995902,-84.00886699,92.75,3.07,0.365,8.4,0.0532267374801518,-21.8926791080685,-14.0037655880744,-1.82450182018975,-15.2851989504385,0.14665,0.157293,0.044888,0.055238,0.079141,0.090851,0.000471,0.052884,0.369321,0.000374,0.00289,2341.64,4512.38,1634.29,2155.78,2231.68,1330.37,661.88,1342.68,1694.14,1136.74,181.65,1.001,1,1.001,1,1,1.003,1,1.001,1.004,1.002,1.002
"SURA250",3,"SURA250_3","SURA",250,"LS","B",10.42995902,-84.00886699,92.75,3.07,0.365,8.4,-9.25669434772465,-24.7579266208695,-0.203971508015291,-23.3254386374306,-5.0832104802161,0.169007,0.000545,0.015698,0.051318,0.166272,0.064193,0.070813,0.010522,0.434351,0.000544,0.016736,2436.46,698.07,173.23,1629.8,2257.46,825.7,1963.83,104.03,550.78,564.83,176.96,1.002,1.002,1.01,1.001,1,1.008,1,1.005,1.003,1.001,1.022
"SURA500",1,"SURA500_1","SURA",500,"LS","B",10.42921999,-84.01020801,81.125,2.43,0.28,8.8,-14.1270772199131,-1.35987095985189,-13.7874106950426,-12.7897789867271,1.70674978655172,0.046785,0.174161,0.026753,0.008827,0.045947,0.051275,0.096908,0.065703,0.384491,0.098111,0.001039,946.82,3538.05,852.47,146.57,1144.76,605.04,2011.81,1640.66,973.65,3497.24,407.13,1.002,1,1.003,1.027,1.002,1,1.002,1.001,1.002,1.001,1.006
"SURA500",2,"SURA500_2","SURA",500,"LS","B",10.42921999,-84.01020801,81.125,2.43,0.28,8.8,-7.38519351527968,-11.8795006691247,-11.9576592943586,-7.01798553785462,-21.7696728904475,0.079628,0.115026,0.000401,0.062031,0.047881,0.072037,0.019467,0.00153,0.560608,0.037215,0.004175,1464.06,3265.3,738.03,1542.01,1190.47,705.16,204.03,207.13,942.75,1498.55,212.47,1.004,1.001,1.002,1.002,1.001,1.008,1.015,1.017,1.004,1.002,1.005
"SURA500",3,"SURA500_3","SURA",500,"LS","B",10.42921999,-84.01020801,81.125,2.43,0.28,8.8,1.58046953667536,-25.8009912603372,-20.0479157186448,-3.1462669764163,-36.3731250966173,0.087683,0.082326,0.010107,0.048331,0.102998,0.117414,6.7e-05,0.041493,0.507591,0.00015,0.001841,1898.98,3611.83,121.55,1469.88,2374.68,1475.73,3831.04,987.43,417.38,1624.71,330.69,1.001,1,1.022,1.001,1,1.001,1,1.001,1.008,1.001,1.011
"SURA50",1,"SURA50_1","SURA",50,"LS","B",10.42959097,-84.00731499,85.75,2.415,0.305,7.95,-18.1156908076022,-15.4537255520475,-4.04927100264643,-39.2094405572361,-1.19398675672454,0.114978,0.048724,0.000333,0.003905,0.211729,0.059237,0.111359,0.121511,0.261292,0.066571,0.00036,2308.97,1219.82,978.79,195.34,3062.41,885.96,3033.2,2848.85,1157.95,2890.11,960.89,1.001,1,1.001,1.02,1,1.003,1,1.001,1.003,1,1
"SURA50",2,"SURA50_2","SURA",50,"LS","B",10.42959097,-84.00731499,85.75,2.415,0.305,7.95,6.61393176146941,-16.8719070464488,-16.9540476226291,-10.9112288361342,-3.96985286674524,0.107964,0.2195,0.0091,0.003346,0.076124,0.000237,0.033461,0.047189,0.483239,0.000502,0.019336,1885.18,1690.79,99.6,192.12,1517.54,1107.76,1017.64,1085.87,607.76,637.63,331.34,1,1.001,1.023,1.01,1.002,1.001,1.002,1.001,1.001,1.005,1.013
"SURA50",3,"SURA50_3","SURA",50,"LS","B",10.42959097,-84.00731499,85.75,2.415,0.305,7.95,2.82586510169178,-20.1939747120657,-18.4126306592341,-26.3906767393864,-11.5801141282805,0.136002,0.162922,0.011661,0.000439,0.18849,0.068324,0.003276,0.003053,0.423041,0.000294,0.002497,2259.43,2963.59,124.58,725.87,2922.32,985.15,198.87,179.08,539.28,663.61,160.79,1.001,1,1.003,1.001,1,1.002,1.011,1.005,1.006,1.005,1.008
"SURA700",1,"SURA700_1","SURA",700,"LS","L",10.43093199,-84.01094402,82.5,2.24,0.25,9,8.7058449601134,-16.0678789217286,-17.8345213030039,7.45530964849233,-14.3106273825327,0.000476,0.082775,0.081307,0.030848,0.088982,0.117202,0.000572,0.001839,0.562332,0.000415,0.033252,574.6,1614.66,2015.91,773.98,1614.87,958.51,614.06,343.78,400.12,700.54,990.4,1.009,1,1.001,1.005,1,1.002,1.005,1.003,1.003,1.002,1.003
"SURA700",2,"SURA700_2","SURA",700,"LS","L",10.43093199,-84.01094402,82.5,2.24,0.25,9,15.3606868073656,-6.11564270055835,-16.072797389226,10.5288071170172,-15.1839023695937,0.000597,0.042022,0.07362,0.016416,0.041157,0.137193,0.000499,0.000855,0.597405,0.003113,0.087124,642.17,1308.5,1824.84,178.61,780.01,740.62,628.41,361.19,420.76,297.18,2276.99,1.001,1.002,1.002,1.027,1.001,1.001,1,1.012,1.006,1.004,1.001
"SURA700",3,"SURA700_3","SURA",700,"LS","L",10.43093199,-84.01094402,82.5,2.24,0.25,9,9.34194093243584,-14.7319149015799,-12.9482076313952,6.5468481808834,-10.5149068995155,0.00037,0.071623,0.082988,0.037095,0.087635,0.109731,0.000672,0.002477,0.556643,0.000363,0.050403,1028.55,1311.52,1692.27,1051.4,1404.91,775.34,461.44,138.58,610.68,957.8,1373.2,1.002,1.001,1.001,1.002,1.002,1.002,1.017,1.008,1.006,1.009,1.002
