"Pop","ID","All","Trail","Dist","Site","Side","Lat","Long","DensoAvg","C","N","C_N_Ratio","PC1","PC2","PC3","PC4","PC5"
"AM0","1","AM0_1","AM","0","LS","R",10.43256797,-84.02686603,79.25,1.53,0.17,9,-4.6128382256396,4.37801710355129,-27.0019132001241,17.3297760787869,-12.3903929362521
"AM1","10","AM1_10","AM","1","LS","B",10.43391301,-84.02607604,79,2.04,0.21,9.7,160.225652342297,60.1008865124173,72.0935150893704,-5.91685190845959,12.7768692935182
"AM1","1","AM1_1","AM","1","LS","B",10.43391301,-84.02607604,79,2.04,0.21,9.7,159.504429385794,59.9762990011107,71.8777097052539,-6.20267996327208,12.9020781611791
"AM1","2","AM1_2","AM","1","LS","B",10.43391301,-84.02607604,79,2.04,0.21,9.7,161.148158110917,61.0152116679435,72.4024891041944,-5.9267375190095,12.5086816099044
"AM1","3","AM1_3","AM","1","LS","B",10.43391301,-84.02607604,79,2.04,0.21,9.7,160.641398221165,60.2700114965821,72.2362182758281,-5.79082071197349,13.3064896878113
"AM1","4","AM1_4","AM","1","LS","B",10.43391301,-84.02607604,79,2.04,0.21,9.7,123.072891860257,49.1952395612145,49.8254825708794,-5.10878155512307,6.67541381398901
"AM1","5","AM1_5","AM","1","LS","B",10.43391301,-84.02607604,79,2.04,0.21,9.7,159.498973334939,61.552565951089,71.0101665088551,-6.19784653171122,10.740681425556
"AM1","6","AM1_6","AM","1","LS","B",10.43391301,-84.02607604,79,2.04,0.21,9.7,159.861062260904,60.0727190825865,71.8570783368396,-5.50719991494033,12.8411603924189
"AM1","7","AM1_7","AM","1","LS","B",10.43391301,-84.02607604,79,2.04,0.21,9.7,160.673778728586,60.8396105775117,71.870445305747,-6.39186988948671,12.5049106027926
"AM1","8","AM1_8","AM","1","LS","B",10.43391301,-84.02607604,79,2.04,0.21,9.7,158.370080280226,61.8036418880883,71.1388847762234,-6.91992873156882,10.5359676577938
"AM1","9","AM1_9","AM","1","LS","B",10.43391301,-84.02607604,79,2.04,0.21,9.7,160.901235505057,60.2644525552228,72.5153014911951,-5.99471171150265,13.4816052185608
"LOC200","1","LOC200_1","LOC","200","LS","B",10.43312998,-84.01405203,75.875,3.275,0.37,8.85,11.6296410247918,-28.8377211357302,-13.2869356325055,5.46746590159064,-3.6749661192043
"LOC200","2","LOC200_2","LOC","200","LS","B",10.43312998,-84.01405203,75.875,3.275,0.37,8.85,13.7685911158338,-32.0911694009471,-14.728657706307,7.79440947454547,-4.7078408249225
"LOC200","3","LOC200_3","LOC","200","LS","B",10.43312998,-84.01405203,75.875,3.275,0.37,8.85,12.2238200533078,-30.6508897671567,-14.3443813559083,6.4917273033048,-5.17679752686589
"SAT150","1","SAT150_1","SAT","150","LS","R",10.43255397,-84.01487597,82.5,3.925,0.465,8.45,13.3577275867799,2.45501887639529,-30.2621344156382,19.0653699271385,-6.7052271585541
"SAT150","2","SAT150_2","SAT","150","LS","R",10.43255397,-84.01487597,82.5,3.925,0.465,8.45,11.2764204102323,-11.5873214448273,-32.5068768335626,22.721858905584,3.59060830966754
"SAT150","3","SAT150_3","SAT","150","LS","R",10.43255397,-84.01487597,82.5,3.925,0.465,8.45,12.3900259533085,-6.64844770400751,-29.6425380668426,13.087293954519,-1.03649321270717
"SAZ100","1","SAZ100_1","SAZ","100","LS","R",10.43203102,-84.00471199,92.625,1.565,0.21,7.45,7.84147607245686,-21.3841006438558,-34.363776152475,-9.32413145338857,-10.4256943405182
"SAZ100","3","SAZ100_3","SAZ","100","LS","R",10.43203102,-84.00471199,92.625,1.565,0.21,7.45,5.8520503806253,-24.5696086083996,-35.4454766888645,-19.8037736135583,-7.56372574829496
"SAZ250","1","SAZ250_1","SAZ","250","LS","L",10.43280602,-84.00473898,89.75,2.425,0.29,8.35,-10.1532398666762,-9.36378998620948,-32.1570754474011,-27.6667928898412,-33.8034653852481
"SAZ250","2","SAZ250_2","SAZ","250","LS","L",10.43280602,-84.00473898,89.75,2.425,0.29,8.35,-8.725365746409,-11.1022530386094,-26.4665404464659,-8.06405095210909,-23.7161973257177
"SAZ250","3","SAZ250_3","SAZ","250","LS","L",10.43280602,-84.00473898,89.75,2.425,0.29,8.35,-10.4924874358609,-8.71598361903253,-32.4697007267356,-27.6368044085145,-34.5712115231024
"SAZ450","1","SAZ450_1","SAZ","450","LS","R",10.43437997,-84.00447202,83.83,2.52,0.303333333,8.3,-21.7691901302257,-11.496553896597,-24.9095877533796,-7.67819422648814,-8.9223590330117
"SAZ450","2","SAZ450_2","SAZ","450","LS","R",10.43437997,-84.00447202,83.83,2.52,0.303333333,8.3,3.21515276554502,-5.66099868953644,-12.8458627572996,-13.3170875637504,5.12242159115239
"SAZ450","3","SAZ450_3","SAZ","450","LS","R",10.43437997,-84.00447202,83.83,2.52,0.303333333,8.3,-9.59989024004598,0.404864518713382,0.380470410952284,5.29822174487499,-10.2894140300215
"SAZ500","10","SAZ500_10","SAZ","500","LS","L",10.43456596,-84.00525698,82.75,2.606666667,0.306666667,8.5,15.9632463332145,-19.8576861468736,-8.29741016336744,-4.82600830062573,-25.3728555877301
"SAZ500","1","SAZ500_1","SAZ","500","LS","L",10.43456596,-84.00525698,82.75,2.606666667,0.306666667,8.5,-9.43017904921448,-1.14096501060465,-4.42113088524346,10.9509177838824,-27.6575000876178
"SAZ500","2","SAZ500_2","SAZ","500","LS","L",10.43456596,-84.00525698,82.75,2.606666667,0.306666667,8.5,-6.02500161972972,-11.7315778194515,-20.5187008312765,-4.0635375397647,-4.0026827862774
"SAZ500","3","SAZ500_3","SAZ","500","LS","L",10.43456596,-84.00525698,82.75,2.606666667,0.306666667,8.5,-9.21566812193856,-4.64913095007774,-7.647908107702,9.10312641527975,-24.2396723468477
"SAZ500","4","SAZ500_4","SAZ","500","LS","L",10.43456596,-84.00525698,82.75,2.606666667,0.306666667,8.5,-11.8406158274514,3.3143026738592,-15.7771070887432,1.69829090694921,-24.6402590718326
"SAZ500","5","SAZ500_5","SAZ","500","LS","L",10.43456596,-84.00525698,82.75,2.606666667,0.306666667,8.5,-12.4233078381883,-3.31674642885804,-18.7311624616872,-3.87483913508873,-18.9096499190131
"SAZ500","6","SAZ500_6","SAZ","500","LS","L",10.43456596,-84.00525698,82.75,2.606666667,0.306666667,8.5,-12.470030403267,-3.33254157953437,-14.5984765885797,-1.56708099989283,-16.4300826066065
"SAZ500","7","SAZ500_7","SAZ","500","LS","L",10.43456596,-84.00525698,82.75,2.606666667,0.306666667,8.5,-4.70893518244474,3.33014688090592,-25.4032228561235,4.01166268181339,-17.4014675491587
"SAZ500","8","SAZ500_8","SAZ","500","LS","L",10.43456596,-84.00525698,82.75,2.606666667,0.306666667,8.5,7.37723350443895,-3.15403761663137,-12.1700953439715,-12.8664647184519,-11.5885960396518
"SAZ500","9","SAZ500_9","SAZ","500","LS","L",10.43456596,-84.00525698,82.75,2.606666667,0.306666667,8.5,-0.878065780726139,-9.34173368257006,-22.7986212680076,13.9431812552472,-13.2680425841217
"SLV400","1","SLV400_1","SLV","400","LS","B",10.43974003,-84.01232804,68.25,1.725,0.205,8.4,17.282594749901,-0.463706260571895,-22.3445714459777,32.7243140614639,7.27910816955414
"SLV400","2","SLV400_2","SLV","400","LS","B",10.43974003,-84.01232804,68.25,1.725,0.205,8.4,13.0043741078853,-15.4868674765153,-19.9940118439139,10.1703943900819,-18.2947708212096
"SOC1000","1","SOC1000_1","SOC","1000","LS","B",10.43857897,-84.01136496,91.75,1.415,0.17,8.5,25.1510244719449,-8.39997401356412,-19.3144852369984,7.96848606089339,-4.67642895289283
"SOC1000","2","SOC1000_2","SOC","1000","LS","B",10.43857897,-84.01136496,91.75,1.415,0.17,8.5,-2.46968105547146,-8.73319668825614,-23.530568417745,11.9277056829022,-25.6327955216576
"SOC1000","3","SOC1000_3","SOC","1000","LS","B",10.43857897,-84.01136496,91.75,1.415,0.17,8.5,11.289018091609,-17.6388319479766,-26.75670832924,2.51133710443283,-13.1192478869108
"SOC1200","1","SOC1200_1","SOC","1200","LS","B",10.44017304,-84.01175899,73.625,2.015,0.235,8.6,33.5790864204306,-14.0825297480888,-30.1341003676175,-13.9587223540917,-6.08950896209959
"SOC1200","2","SOC1200_2","SOC","1200","LS","B",10.44017304,-84.01175899,73.625,2.015,0.235,8.6,30.563681524972,-12.4006621998408,-28.265333230307,-13.3154011490855,-5.82446195652345
"SOC1200","3","SOC1200_3","SOC","1200","LS","B",10.44017304,-84.01175899,73.625,2.015,0.235,8.6,31.3961592046473,-14.1635594177053,-29.513325758235,-13.7473741225443,-5.74430778153939
"SOC1400","1","SOC1400_1","SOC","1400","LS","B",10.44224597,-84.01180702,93.25,2.005,0.24,8.35,-2.57693992706865,-6.24569693003976,-23.9692074334591,6.6509840975459,-7.72815820934759
"SOC1400","2","SOC1400_2","SOC","1400","LS","B",10.44224597,-84.01180702,93.25,2.005,0.24,8.35,1.38198153429814,-2.56582523541436,-22.5793897454686,21.3994834641355,6.63521773980008
"SOC1400","3","SOC1400_3","SOC","1400","LS","B",10.44224597,-84.01180702,93.25,2.005,0.24,8.35,2.5288527563049,5.00758671919302,-14.118015342486,10.0795556569954,-11.3054357122591
"SOC1600","1","SOC1600_1","SOC","1600","LS","R",10.44317904,-84.01268796,90.625,1.905,0.215,8.7,4.23851521779859,0.0905453609368938,-22.3124998845716,13.4349085698331,0.755144412676542
"SOC1600","2","SOC1600_2","SOC","1600","LS","R",10.44317904,-84.01268796,90.625,1.905,0.215,8.7,8.03989264083822,-11.7180352185432,-24.5038352719173,-4.58163339221384,1.39583068550673
"SOC1600","3","SOC1600_3","SOC","1600","LS","R",10.44317904,-84.01268796,90.625,1.905,0.215,8.7,7.9016863731411,-10.8067962521193,-42.2316344533538,32.6871993632259,7.65492345526486
"SOC1900","1","SOC1900_1","SOC","1900","LS","L",10.44152998,-84.01307403,76.25,2.59,0.31,8.4,7.20124678476656,-6.37036344568403,-21.1023874346742,6.54725712063237,-7.19093802634206
"SOC800","1","SOC800_1","SOC","800","LS","R",10.43720702,-84.01030499,88.5,2.505,0.285,8.85,11.1110520984515,-22.0647567109941,-25.6068063714336,-0.105373175686964,-7.31403068465431
"SOC800","2","SOC800_2","SOC","800","LS","R",10.43720702,-84.01030499,88.5,2.505,0.285,8.85,8.92956195944092,-8.63513487723793,-29.4567943169669,10.8841659930354,-14.203762015318
"SOC800","3","SOC800_3","SOC","800","LS","R",10.43720702,-84.01030499,88.5,2.505,0.285,8.85,12.1221470526406,-0.105852485771535,-28.4221720346111,4.93915878890023,-43.2440796706181
"SOC900","1","SOC900_1","SOC","900","LS","L",10.43791001,-84.01081,92.625,2.555,0.32,8,23.3122113361168,-14.4317477784296,-26.179097728315,-7.35011100038589,-1.63628455807817
"SOC900","2","SOC900_2","SOC","900","LS","L",10.43791001,-84.01081,92.625,2.555,0.32,8,-6.54408502112341,-15.4820492685801,-30.9770248280129,0.172090765319069,-14.9529528270986
"SOC900","3","SOC900_3","SOC","900","LS","L",10.43791001,-84.01081,92.625,2.555,0.32,8,9.92772929007567,-5.45365778057682,-20.9320655911964,11.721481832144,-24.4199455773918
"SOR350","10","SOR350_10","SOR","350","LS","R",10.42724999,-84.003434,88,3.595,0.435,8.25,-97.3717756675076,166.169970805451,7.27578802235271,-0.397370335612427,-0.219221237693412
"SOR350","1","SOR350_1","SOR","350","LS","R",10.42724999,-84.003434,88,3.595,0.435,8.25,-95.8468659289947,164.984753678844,6.15379913908105,0.0286621856645072,-2.07538805628875
"SOR350","2","SOR350_2","SOR","350","LS","R",10.42724999,-84.003434,88,3.595,0.435,8.25,-97.926108030716,168.143948702885,7.36037419847978,0.152567933832973,-0.510813754705747
"SOR350","3","SOR350_3","SOR","350","LS","R",10.42724999,-84.003434,88,3.595,0.435,8.25,-86.0014940447004,144.379272541329,3.95042222291795,0.327095853861838,-0.284763064769099
"SOR350","4","SOR350_4","SOR","350","LS","R",10.42724999,-84.003434,88,3.595,0.435,8.25,-96.2965775279533,165.070963636159,7.54250848208657,-0.0977954954504323,-0.327092864182288
"SOR350","5","SOR350_5","SOR","350","LS","R",10.42724999,-84.003434,88,3.595,0.435,8.25,-95.4471914326003,163.775288290225,6.47321056152482,-1.12659161129981,-2.51493915202706
"SOR350","6","SOR350_6","SOR","350","LS","R",10.42724999,-84.003434,88,3.595,0.435,8.25,-97.4043843939991,168.274789086755,6.21295903227266,-0.0568202422308306,-2.31538227456673
"SOR350","7","SOR350_7","SOR","350","LS","R",10.42724999,-84.003434,88,3.595,0.435,8.25,-23.5568361458518,-22.1871156742011,21.0911406605528,-22.2202665255574,11.1054959435949
"SOR350","8","SOR350_8","SOR","350","LS","R",10.42724999,-84.003434,88,3.595,0.435,8.25,-96.4236131721309,162.953561046133,7.55303709982162,0.379578531099825,-1.13179783362215
"SOR350","9","SOR350_9","SOR","350","LS","R",10.42724999,-84.003434,88,3.595,0.435,8.25,-88.2594882723325,149.155109351913,2.77893356892458,-0.0921590254166398,2.02625362872729
"SOR400","10","SOR400_10","SOR","400","LS","R",10.42719299,-84.00286001,94.25,2.355,0.285,8.25,-55.2121392048161,-34.4970857199442,40.6710713443174,-56.5095956399145,115.521838296799
"SOR400","1","SOR400_1","SOR","400","LS","R",10.42719299,-84.00286001,94.25,2.355,0.285,8.25,-42.4565054829913,-33.8183759588825,34.1532521369342,-62.2108010280609,47.3306276540222
"SOR400","2","SOR400_2","SOR","400","LS","R",10.42719299,-84.00286001,94.25,2.355,0.285,8.25,-58.468895124259,-34.4474822936598,42.4260277401224,-59.9595192737837,120.921062290699
"SOR400","3","SOR400_3","SOR","400","LS","R",10.42719299,-84.00286001,94.25,2.355,0.285,8.25,-58.186288647927,-34.383736467357,82.2670972811413,18.9225494937732,16.0810389327519
"SOR400","4","SOR400_4","SOR","400","LS","R",10.42719299,-84.00286001,94.25,2.355,0.285,8.25,-56.0140651128142,-33.9612532304249,40.812810834206,-55.6067836900923,114.881003455446
"SOR400","7","SOR400_7","SOR","400","LS","R",10.42719299,-84.00286001,94.25,2.355,0.285,8.25,-43.49991250768,-32.9671985601572,33.5401658120194,-60.8084438699371,46.6744863449818
"SOR400","8","SOR400_8","SOR","400","LS","R",10.42719299,-84.00286001,94.25,2.355,0.285,8.25,-56.7807628718786,-32.2668962703511,40.2658005455189,-56.1408395751418,115.57087503583
"SOR400","9","SOR400_9","SOR","400","LS","R",10.42719299,-84.00286001,94.25,2.355,0.285,8.25,-56.6243545370171,-34.2028283408019,42.1704377559092,-58.3641870957842,120.652142957182
"SOR450","10","SOR450_10","SOR","450","LS","R",10.42740103,-84.00247503,95.25,3.165,0.325,9.75,-69.0128415002208,-59.3919411666184,134.885525792215,74.073284855596,-34.3301091227181
"SOR450","1","SOR450_1","SOR","450","LS","R",10.42740103,-84.00247503,95.25,3.165,0.325,9.75,-69.0398411161046,-58.4084505860192,133.972699962774,73.8493408033315,-35.3489321624285
"SOR450","2","SOR450_2","SOR","450","LS","R",10.42740103,-84.00247503,95.25,3.165,0.325,9.75,-68.0035968415659,-57.1080475291904,129.334617019731,71.2118172193301,-34.0345066361134
"SOR450","3","SOR450_3","SOR","450","LS","R",10.42740103,-84.00247503,95.25,3.165,0.325,9.75,-15.7727884902785,-19.5360383101151,5.50364006134669,-28.6641047149332,-14.082357229003
"SOR450","4","SOR450_4","SOR","450","LS","R",10.42740103,-84.00247503,95.25,3.165,0.325,9.75,-69.9061325608576,-58.9335767446996,135.412377421452,74.3279211054379,-35.3497385683959
"SOR450","5","SOR450_5","SOR","450","LS","R",10.42740103,-84.00247503,95.25,3.165,0.325,9.75,-68.1800143271305,-56.7861660443459,130.302659780532,71.6503482953878,-35.742414255259
"SOR450","6","SOR450_6","SOR","450","LS","R",10.42740103,-84.00247503,95.25,3.165,0.325,9.75,-69.5482929317731,-59.6845729597015,136.144049432818,74.3329374999513,-35.0362425046984
"SOR450","7","SOR450_7","SOR","450","LS","R",10.42740103,-84.00247503,95.25,3.165,0.325,9.75,-68.9809640335068,-58.931905717151,134.603231796057,73.5051201626301,-34.7732440254036
"SOR450","8","SOR450_8","SOR","450","LS","R",10.42740103,-84.00247503,95.25,3.165,0.325,9.75,-41.6967568808647,-11.1955594923775,45.9342121903228,22.7936178370253,5.76794054881649
"SOR450","9","SOR450_9","SOR","450","LS","R",10.42740103,-84.00247503,95.25,3.165,0.325,9.75,-16.5498925272427,-18.2589106846252,4.89954657409701,-30.6642809936548,-15.3548499525564
"SOR700","10","SOR700_10","SOR","700","LS","B",10.426103,-84.001049,85.75,3.12,0.33,9.5,-16.5658057802384,-15.2188241240221,0.510067960717482,-30.8536526984461,6.59976385000302
"SOR700","1","SOR700_1","SOR","700","LS","B",10.426103,-84.001049,85.75,3.12,0.33,9.5,-28.7261577063133,-14.0343092994747,-12.1223499900771,-23.4210466023968,10.4978230818889
"SOR700","2","SOR700_2","SOR","700","LS","B",10.426103,-84.001049,85.75,3.12,0.33,9.5,-20.230922962152,-42.1043366374152,26.1943891237975,-97.4295495590556,-2.72718963118472
"SOR700","3","SOR700_3","SOR","700","LS","B",10.426103,-84.001049,85.75,3.12,0.33,9.5,-15.2222755934912,-14.2891830370283,1.33091199242584,-29.0788088311648,7.76201339538455
"SOR700","4","SOR700_4","SOR","700","LS","B",10.426103,-84.001049,85.75,3.12,0.33,9.5,-15.5825518652992,-34.3927939258966,26.5411234412144,-80.4326408737901,-0.418993094059396
"SOR700","5","SOR700_5","SOR","700","LS","B",10.426103,-84.001049,85.75,3.12,0.33,9.5,-20.0272387530466,-39.430767758463,23.9006626742132,-94.3645614631074,-5.26436665775451
"SOR700","6","SOR700_6","SOR","700","LS","B",10.426103,-84.001049,85.75,3.12,0.33,9.5,-16.5799684755694,-35.0878804376287,27.2609235513985,-78.113913397142,0.406962517499386
"SOR700","7","SOR700_7","SOR","700","LS","B",10.426103,-84.001049,85.75,3.12,0.33,9.5,-18.9304353076695,-37.4896392983981,19.3226957102585,-81.4343777824009,-4.52965654975847
"SOR700","8","SOR700_8","SOR","700","LS","B",10.426103,-84.001049,85.75,3.12,0.33,9.5,-17.037164558654,-14.38388422821,2.94693476123219,-32.4405518398262,9.63563861698537
"SOR700","9","SOR700_9","SOR","700","LS","B",10.426103,-84.001049,85.75,3.12,0.33,9.5,-21.021842980499,-39.5021468225659,25.1049310407464,-97.2092090088825,-5.20411098635048
"STR1050","1","STR1050_1","STR","1050","LS","L",10.43785997,-84.01250398,70,2.47,0.295,8.3,27.6274704954541,-12.7549328848639,-24.0900282997417,13.0273321870427,1.04646605543751
"STR1050","2","STR1050_2","STR","1050","LS","L",10.43785997,-84.01250398,70,2.47,0.295,8.3,19.344195677893,-7.56663641513981,-18.2038560981935,19.4355101734969,-8.75969502573475
"STR1050","3","STR1050_3","STR","1050","LS","L",10.43785997,-84.01250398,70,2.47,0.295,8.3,15.309723582473,-3.27382925255775,-21.868676766794,18.0212249567063,-10.4934605753943
"STR1150","1","STR1150_1","STR","1150","LS","L",10.438239,-84.01326799,90.25,2.21,0.27,8.2,9.30803830239652,2.14475401595782,-7.59955808195075,3.05719898853978,-25.1798964245058
"STR1150","2","STR1150_2","STR","1150","LS","L",10.438239,-84.01326799,90.25,2.21,0.27,8.2,2.06540609869813,-7.73086609771612,-24.4230080864449,-6.17176787694756,-11.4311880160346
"STR1200","1","STR1200_1","STR","1200","LS","B",10.43848501,-84.01369203,94,1.885,0.24,7.85,24.6276810326095,1.5974611146747,-15.5264414090259,14.5043878480465,-6.45874772975066
"STR1200","2","STR1200_2","STR","1200","LS","B",10.43848501,-84.01369203,94,1.885,0.24,7.85,27.0753485076116,-10.8000199441682,-23.2035486875158,12.7457117813409,-1.80747546350589
"STR1200","3","STR1200_3","STR","1200","LS","B",10.43848501,-84.01369203,94,1.885,0.24,7.85,17.0935123171182,-10.7207910505632,-35.8058112879103,14.9544205746565,-4.41478590599574
"STR1350","1","STR1350_1","STR","1350","LS","R",10.43843304,-84.01507001,94.75,2.116666667,0.26,8.1,16.184955332249,3.93428576690454,-20.3064125103028,12.1360095843016,-13.8395665744033
"STR1350","2","STR1350_2","STR","1350","LS","R",10.43843304,-84.01507001,94.75,2.116666667,0.26,8.1,2.09826017925023,-12.2743660553055,-10.2183311099687,-2.34028790455285,-10.5584486422866
"STR1350","3","STR1350_3","STR","1350","LS","R",10.43843304,-84.01507001,94.75,2.116666667,0.26,8.1,21.2225902321303,-6.41098695295358,-24.4010472061495,25.6353347322339,14.4032618313689
"STR1450","1","STR1450_1","STR","1450","LS","R",10.43822299,-84.01599797,93.75,1.705,0.21,8.15,-4.99802436754438,-7.79759001300735,-15.6171704295638,-3.55002098377278,-5.11362451961409
"STR1450","2","STR1450_2","STR","1450","LS","R",10.43822299,-84.01599797,93.75,1.705,0.21,8.15,-20.4933123087358,-17.3253378694576,12.9539155728422,-26.6099309917995,-9.0624070946384
"STR1450","3","STR1450_3","STR","1450","LS","R",10.43822299,-84.01599797,93.75,1.705,0.21,8.15,4.24065223791699,-5.74751473427824,-35.4274134890497,20.9050427268303,-0.0727611403910626
"STR1700","1","STR1700_1","STR","1700","LS","L",10.43774304,-84.01807903,57,1.76,0.21,8.4,-9.89772019613807,-9.07404529946925,-25.4205816936266,18.2174822036788,2.43385313273388
"STR1700","2","STR1700_2","STR","1700","LS","L",10.43774304,-84.01807903,57,1.76,0.21,8.4,-9.09654739299043,-9.54189349490831,-24.2404641145938,17.9833746838211,4.58638249631267
"STR2050","1","STR2050_1","STR","2050","LS","R",10.43569199,-84.02032798,90.5,2.34,0.27,8.7,9.58682341589789,-11.4306088930716,-55.6292823469251,112.67645123421,96.4166097212431
"STR2050","2","STR2050_2","STR","2050","LS","R",10.43569199,-84.02032798,90.5,2.34,0.27,8.7,0.749574731704461,-5.64880409788368,-5.87113842878374,5.40032161120865,9.57629138720816
"STR2050","3","STR2050_3","STR","2050","LS","R",10.43569199,-84.02032798,90.5,2.34,0.27,8.7,9.8131030357845,-12.33479730638,-55.6144476300426,114.169827918882,98.0061092679012
"STR2050","4","STR2050_4","STR","2050","LS","R",10.43569199,-84.02032798,90.5,2.34,0.27,8.7,9.3947496849302,-11.927106980464,-57.3301275758713,114.900079929595,98.6957647031768
"STR2050","5","STR2050_5","STR","2050","LS","R",10.43569199,-84.02032798,90.5,2.34,0.27,8.7,8.94943138377669,-12.215638641782,-52.7953134643847,107.204673077134,90.8913163365251
"STR2450","1","STR2450_1","STR","2450","LS","R",10.43370296,-84.02285102,87.75,3.84,0.37,10.4,-1.20775131432668,-6.31167582353418,-10.9122149811409,2.80415850120719,9.51797069592168
"STR2450","2","STR2450_2","STR","2450","LS","R",10.43370296,-84.02285102,87.75,3.84,0.37,10.4,9.86534904927358,-11.4398564500539,-55.9103334211597,112.654885632669,96.1032556036658
"STR450","1","STR450_1","STR","450","LS","B",10.43455096,-84.008352,89.5,3.413333333,0.39,8.733333333,2.94770080203293,-25.7543265274398,-21.1567626648176,-0.600923827770908,-14.7439345270868
"STR450","2","STR450_2","STR","450","LS","B",10.43455096,-84.008352,89.5,3.413333333,0.39,8.733333333,12.1764444957763,-9.39752867640936,-16.9181021034439,-21.0080859276222,-11.6555603492851
"STR450","3","STR450_3","STR","450","LS","B",10.43455096,-84.008352,89.5,3.413333333,0.39,8.733333333,9.53735816500543,-13.2255497295508,-20.4017869356985,-3.23985234113866,-8.16041027116349
"STR550","1","STR550_1","STR","550","LS","B",10.43539703,-84.00892298,78.25,2.9,0.336666667,8.4,7.96329520408471,-10.4868683624199,-27.6839183536895,-15.4291105732103,-19.8020315475224
"STR550","2","STR550_2","STR","550","LS","B",10.43539703,-84.00892298,78.25,2.9,0.336666667,8.4,-2.75582352383749,-18.2839004308845,-23.1516243811019,-17.6570524149148,-21.015450593296
"STR550","3","STR550_3","STR","550","LS","B",10.43539703,-84.00892298,78.25,2.9,0.336666667,8.4,0.868726412176241,-22.0519134103115,-16.5894955006352,-3.13543254595985,-22.1423929525706
"STR650","1","STR650_1","STR","650","LS","B",10.43615702,-84.00923403,88.5,2.75,0.305,9.25,1.72501343625609,-16.0654315172829,-20.1372657499442,-19.1941373244631,-16.2674707548969
"STR650","2","STR650_2","STR","650","LS","B",10.43615702,-84.00923403,88.5,2.75,0.305,9.25,15.0135269235524,-3.95859155990329,-13.98701958023,-7.97649230264562,-20.8088126321995
"STR650","3","STR650_3","STR","650","LS","B",10.43615702,-84.00923403,88.5,2.75,0.305,9.25,9.68935751225139,-13.0692352837843,-37.1042394564476,17.5234337209355,-23.7138230341925
"STR750","1","STR750_1","STR","750","LS","B",10.436845,-84.00989201,85.875,1.575,0.17,9.1,13.4130516620649,0.0897958853039881,-38.7465407865879,5.75651136846503,-33.9252799722326
"STR750","2","STR750_2","STR","750","LS","B",10.436845,-84.00989201,85.875,1.575,0.17,9.1,-5.15313958858222,-22.0608559773607,-25.2275829456435,1.76240370905849,1.42361276687996
"STR750","3","STR750_3","STR","750","LS","B",10.436845,-84.00989201,85.875,1.575,0.17,9.1,13.9392780214064,-0.0921197832935508,-39.0118326815171,5.53675941306205,-34.2291586211561
"STR850","1","STR850_1","STR","850","LS","L",10.437104,-84.01084797,89.75,4.47,0.5,8.9,-12.8188361581198,-2.78562144228744,-12.3267006821497,0.938497873596211,-23.5292341121719
"STR850","2","STR850_2","STR","850","LS","L",10.437104,-84.01084797,89.75,4.47,0.5,8.9,13.883062704862,-11.4397422609584,-33.5585367604318,24.388047292875,-1.09433991346469
"STR850","3","STR850_3","STR","850","LS","L",10.437104,-84.01084797,89.75,4.47,0.5,8.9,-4.40282621382122,10.0044900933556,-29.811599312033,16.1219388344167,-35.8833530895661
"STR950","1","STR950_1","STR","950","LS","L",10.43745001,-84.01152296,71.25,1.38,0.19,7.3,7.63115988974583,-1.15290720692998,-16.5069062979602,23.5844724159899,5.13876139851227
"STR950","2","STR950_2","STR","950","LS","L",10.43745001,-84.01152296,71.25,1.38,0.19,7.3,1.99608023074872,3.96448912905912,-20.3974797539284,-6.5196873478387,-32.6884600743237
"SURA150","1","SURA150_1","SURA","150","LS","B",10.42949801,-84.00798102,93.25,3.11,0.375,8.3,-6.22219266349079,-26.6913064405412,-24.0206839133087,-27.5768446222981,-4.75619962466799
"SURA150","2","SURA150_2","SURA","150","LS","B",10.42949801,-84.00798102,93.25,3.11,0.375,8.3,3.40902086517579,-2.35203258739537,-8.26967604667974,-15.0417869597495,4.63430634144879
"SURA150","3","SURA150_3","SURA","150","LS","B",10.42949801,-84.00798102,93.25,3.11,0.375,8.3,-0.716433004791335,-24.339954186866,-17.4991124385902,-28.9370664059654,6.86145736742658
"SURA250","1","SURA250_1","SURA","250","LS","B",10.42995902,-84.00886699,92.75,3.07,0.365,8.4,-12.0102409124513,-7.26944925326927,-2.60976416267609,-35.9066459347328,-17.2638681461523
"SURA250","2","SURA250_2","SURA","250","LS","B",10.42995902,-84.00886699,92.75,3.07,0.365,8.4,0.0532267374801518,-21.8926791080685,-14.0037655880744,-1.82450182018975,-15.2851989504385
"SURA250","3","SURA250_3","SURA","250","LS","B",10.42995902,-84.00886699,92.75,3.07,0.365,8.4,-9.25669434772465,-24.7579266208695,-0.203971508015291,-23.3254386374306,-5.0832104802161
"SURA500","1","SURA500_1","SURA","500","LS","B",10.42921999,-84.01020801,81.125,2.43,0.28,8.8,-14.1270772199131,-1.35987095985189,-13.7874106950426,-12.7897789867271,1.70674978655172
"SURA500","2","SURA500_2","SURA","500","LS","B",10.42921999,-84.01020801,81.125,2.43,0.28,8.8,-7.38519351527968,-11.8795006691247,-11.9576592943586,-7.01798553785462,-21.7696728904475
"SURA500","3","SURA500_3","SURA","500","LS","B",10.42921999,-84.01020801,81.125,2.43,0.28,8.8,1.58046953667536,-25.8009912603372,-20.0479157186448,-3.1462669764163,-36.3731250966173
"SURA50","1","SURA50_1","SURA","50","LS","B",10.42959097,-84.00731499,85.75,2.415,0.305,7.95,-18.1156908076022,-15.4537255520475,-4.04927100264643,-39.2094405572361,-1.19398675672454
"SURA50","2","SURA50_2","SURA","50","LS","B",10.42959097,-84.00731499,85.75,2.415,0.305,7.95,6.61393176146941,-16.8719070464488,-16.9540476226291,-10.9112288361342,-3.96985286674524
"SURA50","3","SURA50_3","SURA","50","LS","B",10.42959097,-84.00731499,85.75,2.415,0.305,7.95,2.82586510169178,-20.1939747120657,-18.4126306592341,-26.3906767393864,-11.5801141282805
"SURA700","1","SURA700_1","SURA","700","LS","L",10.43093199,-84.01094402,82.5,2.24,0.25,9,8.7058449601134,-16.0678789217286,-17.8345213030039,7.45530964849233,-14.3106273825327
"SURA700","2","SURA700_2","SURA","700","LS","L",10.43093199,-84.01094402,82.5,2.24,0.25,9,15.3606868073656,-6.11564270055835,-16.072797389226,10.5288071170172,-15.1839023695937
"SURA700","3","SURA700_3","SURA","700","LS","L",10.43093199,-84.01094402,82.5,2.24,0.25,9,9.34194093243584,-14.7319149015799,-12.9482076313952,6.5468481808834,-10.5149068995155
